FIPS_Code,State,Area_Name,Unemployment_rate_2021
1000,AL,Alabama,3.4
1001,AL,"Autauga, AL",2.8
1003,AL,"Baldwin, AL",2.9
1005,AL,"Barbour, AL",5.5
1007,AL,"Bibb, AL",3.4
1009,AL,"Blount, AL",2.4
1011,AL,"Bullock, AL",3.9
1013,AL,"Butler, AL",5.1
1015,AL,"Calhoun, AL",4
1017,AL,"Chambers, AL",3.6
1019,AL,"Cherokee, AL",2.5
1021,AL,"Chilton, AL",2.8
1023,AL,"Choctaw, AL",4.3
1025,AL,"Clarke, AL",5.8
1027,AL,"Clay, AL",2.7
1029,AL,"Cleburne, AL",2.6
1031,AL,"Coffee, AL",2.8
1033,AL,"Colbert, AL",3.9
1035,AL,"Conecuh, AL",4.7
1037,AL,"Coosa, AL",3
1039,AL,"Covington, AL",3
1041,AL,"Crenshaw, AL",3.3
1043,AL,"Cullman, AL",2.3
1045,AL,"Dale, AL",3.1
1047,AL,"Dallas, AL",7.1
1049,AL,"DeKalb, AL",2.5
1051,AL,"Elmore, AL",2.7
1053,AL,"Escambia, AL",4
1055,AL,"Etowah, AL",4
1057,AL,"Fayette, AL",3.1
1059,AL,"Franklin, AL",2.5
1061,AL,"Geneva, AL",2.8
1063,AL,"Greene, AL",6.5
1065,AL,"Hale, AL",5.5
1067,AL,"Henry, AL",3.2
1069,AL,"Houston, AL",3.3
1071,AL,"Jackson, AL",2.8
1073,AL,"Jefferson, AL",3.5
1075,AL,"Lamar, AL",3
1077,AL,"Lauderdale, AL",3.1
1079,AL,"Lawrence, AL",2.9
1081,AL,"Lee, AL",2.8
1083,AL,"Limestone, AL",2.4
1085,AL,"Lowndes, AL",8.7
1087,AL,"Macon, AL",5.8
1089,AL,"Madison, AL",2.6
1091,AL,"Marengo, AL",4.2
1093,AL,"Marion, AL",2.8
1095,AL,"Marshall, AL",2.4
1097,AL,"Mobile, AL",4.6
1099,AL,"Monroe, AL",5.5
1101,AL,"Montgomery, AL",4.7
1103,AL,"Morgan, AL",2.6
1105,AL,"Perry, AL",7.9
1107,AL,"Pickens, AL",4
1109,AL,"Pike, AL",3.2
1111,AL,"Randolph, AL",2.7
1113,AL,"Russell, AL",3
1115,AL,"St. Clair, AL",2.6
1117,AL,"Shelby, AL",2.1
1119,AL,"Sumter, AL",4.4
1121,AL,"Talladega, AL",4.1
1123,AL,"Tallapoosa, AL",4
1125,AL,"Tuscaloosa, AL",3.5
1127,AL,"Walker, AL",3.6
1129,AL,"Washington, AL",4.6
1131,AL,"Wilcox, AL",10.5
1133,AL,"Winston, AL",2.7
2000,AK,Alaska,6.4
2013,AK,"Aleutians East Borough, AK",2.5
2016,AK,"Aleutians West Census Area, AK",3.8
2020,AK,"Anchorage Borough/municipality, AK",5.9
2050,AK,"Bethel Census Area, AK",13.1
2060,AK,"Bristol Bay Borough, AK",5.6
2063,AK,"Chugach Census Area, AK",2.5
2066,AK,"Copper River Census Area, AK",3.3
2068,AK,"Denali Borough, AK",10.5
2070,AK,"Dillingham Census Area, AK",8.3
2090,AK,"Fairbanks North Star Borough, AK",5.2
2100,AK,"Haines Borough, AK",11.2
2105,AK,"Hoonah-Angoon Census Area, AK",9.3
2110,AK,"Juneau Borough/city, AK",4.8
2122,AK,"Kenai Peninsula Borough, AK",7.3
2130,AK,"Ketchikan Gateway Borough, AK",7.4
2150,AK,"Kodiak Island Borough, AK",6.6
2158,AK,"Kusilvak Census Area, AK",19.5
2164,AK,"Lake and Peninsula Borough, AK",8.7
2170,AK,"Matanuska-Susitna Borough, AK",6.9
2180,AK,"Nome Census Area, AK",9.7
2185,AK,"North Slope Borough, AK",6.5
2188,AK,"Northwest Arctic Borough, AK",11.5
2195,AK,"Petersburg Borough, AK",7
2198,AK,"Prince of Wales-Hyder Census Area, AK",8.2
2201,AK,"Prince of Wales-Outer Ketchikan Census Area, AK",
2220,AK,"Sitka Borough/city, AK",4.6
2230,AK,"Skagway Municipality, AK",13.6
2232,AK,"Skagway-Hoonah-Angoon Census Area, AK",
2240,AK,"Southeast Fairbanks Census Area, AK",6.6
2261,AK,"Valdez-Cordova Census Area, AK",
2275,AK,"Wrangell Borough/city, AK",7.5
2280,AK,"Wrangell-Petersburg Census Area, AK",
2282,AK,"Yakutat Borough/city, AK",7.1
2290,AK,"Yukon-Koyukuk Census Area, AK",12.3
4000,AZ,Arizona,5.1
4001,AZ,"Apache, AZ",9.2
4003,AZ,"Cochise, AZ",5.1
4005,AZ,"Coconino, AZ",6.2
4007,AZ,"Gila, AZ",5.2
4009,AZ,"Graham, AZ",4.3
4011,AZ,"Greenlee, AZ",4.1
4012,AZ,"La Paz, AZ",5.3
4013,AZ,"Maricopa, AZ",4.6
4015,AZ,"Mohave, AZ",5.7
4017,AZ,"Navajo, AZ",6.6
4019,AZ,"Pima, AZ",5.1
4021,AZ,"Pinal, AZ",4.9
4023,AZ,"Santa Cruz, AZ",8.8
4025,AZ,"Yavapai, AZ",4.3
4027,AZ,"Yuma, AZ",13.1
5000,AR,Arkansas,4.1
5001,AR,"Arkansas, AR",3.4
5003,AR,"Ashley, AR",7.3
5005,AR,"Baxter, AR",3.8
5007,AR,"Benton, AR",2.8
5009,AR,"Boone, AR",3
5011,AR,"Bradley, AR",4.8
5013,AR,"Calhoun, AR",3.4
5015,AR,"Carroll, AR",3.5
5017,AR,"Chicot, AR",8.5
5019,AR,"Clark, AR",4.8
5021,AR,"Clay, AR",4
5023,AR,"Cleburne, AR",4.7
5025,AR,"Cleveland, AR",4.1
5027,AR,"Columbia, AR",5.4
5029,AR,"Conway, AR",4.2
5031,AR,"Craighead, AR",3.3
5033,AR,"Crawford, AR",3.6
5035,AR,"Crittenden, AR",5.5
5037,AR,"Cross, AR",4.4
5039,AR,"Dallas, AR",4.2
5041,AR,"Desha, AR",6
5043,AR,"Drew, AR",5.1
5045,AR,"Faulkner, AR",3.5
5047,AR,"Franklin, AR",3.8
5049,AR,"Fulton, AR",3.7
5051,AR,"Garland, AR",4.9
5053,AR,"Grant, AR",3.3
5055,AR,"Greene, AR",3.5
5057,AR,"Hempstead, AR",3.6
5059,AR,"Hot Spring, AR",3.9
5061,AR,"Howard, AR",3.3
5063,AR,"Independence, AR",3.9
5065,AR,"Izard, AR",5.5
5067,AR,"Jackson, AR",5.3
5069,AR,"Jefferson, AR",6.5
5071,AR,"Johnson, AR",4.8
5073,AR,"Lafayette, AR",5.8
5075,AR,"Lawrence, AR",4.3
5077,AR,"Lee, AR",5.7
5079,AR,"Lincoln, AR",4.6
5081,AR,"Little River, AR",4.6
5083,AR,"Logan, AR",4.3
5085,AR,"Lonoke, AR",3.4
5087,AR,"Madison, AR",3.1
5089,AR,"Marion, AR",4.3
5091,AR,"Miller, AR",4.9
5093,AR,"Mississippi, AR",7.1
5095,AR,"Monroe, AR",5.4
5097,AR,"Montgomery, AR",5
5099,AR,"Nevada, AR",4.1
5101,AR,"Newton, AR",3.1
5103,AR,"Ouachita, AR",4
5105,AR,"Perry, AR",4.2
5107,AR,"Phillips, AR",7.7
5109,AR,"Pike, AR",4.5
5111,AR,"Poinsett, AR",3.9
5113,AR,"Polk, AR",4.5
5115,AR,"Pope, AR",4.1
5117,AR,"Prairie, AR",3.7
5119,AR,"Pulaski, AR",4.9
5121,AR,"Randolph, AR",4
5123,AR,"St. Francis, AR",6.2
5125,AR,"Saline, AR",3.2
5127,AR,"Scott, AR",3.4
5129,AR,"Searcy, AR",4.4
5131,AR,"Sebastian, AR",3.8
5133,AR,"Sevier, AR",4.5
5135,AR,"Sharp, AR",5
5137,AR,"Stone, AR",5.1
5139,AR,"Union, AR",6.1
5141,AR,"Van Buren, AR",4.9
5143,AR,"Washington, AR",2.9
5145,AR,"White, AR",4.1
5147,AR,"Woodruff, AR",5.1
5149,AR,"Yell, AR",4.1
6000,CA,California,7.3
6001,CA,"Alameda, CA",6.1
6003,CA,"Alpine, CA",8.2
6005,CA,"Amador, CA",7
6007,CA,"Butte, CA",6.9
6009,CA,"Calaveras, CA",5.8
6011,CA,"Colusa, CA",12.5
6013,CA,"Contra Costa, CA",6.4
6015,CA,"Del Norte, CA",7.6
6017,CA,"El Dorado, CA",5.8
6019,CA,"Fresno, CA",9.1
6021,CA,"Glenn, CA",7
6023,CA,"Humboldt, CA",6.3
6025,CA,"Imperial, CA",17.5
6027,CA,"Inyo, CA",6
6029,CA,"Kern, CA",9.9
6031,CA,"Kings, CA",9.7
6033,CA,"Lake, CA",7.6
6035,CA,"Lassen, CA",6.1
6037,CA,"Los Angeles, CA",8.9
6039,CA,"Madera, CA",8.8
6041,CA,"Marin, CA",4.5
6043,CA,"Mariposa, CA",7.9
6045,CA,"Mendocino, CA",6.3
6047,CA,"Merced, CA",10.3
6049,CA,"Modoc, CA",7.2
6051,CA,"Mono, CA",6.8
6053,CA,"Monterey, CA",8.3
6055,CA,"Napa, CA",6.1
6057,CA,"Nevada, CA",5.7
6059,CA,"Orange, CA",6
6061,CA,"Placer, CA",5.1
6063,CA,"Plumas, CA",9.4
6065,CA,"Riverside, CA",7.3
6067,CA,"Sacramento, CA",6.9
6069,CA,"San Benito, CA",7.3
6071,CA,"San Bernardino, CA",7.4
6073,CA,"San Diego, CA",6.5
6075,CA,"San Francisco/city, CA",5.1
6077,CA,"San Joaquin, CA",8.6
6079,CA,"San Luis Obispo, CA",5.3
6081,CA,"San Mateo, CA",4.6
6083,CA,"Santa Barbara, CA",5.8
6085,CA,"Santa Clara, CA",4.8
6087,CA,"Santa Cruz, CA",6.9
6089,CA,"Shasta, CA",6.9
6091,CA,"Sierra, CA",6.1
6093,CA,"Siskiyou, CA",8.1
6095,CA,"Solano, CA",7.4
6097,CA,"Sonoma, CA",5.5
6099,CA,"Stanislaus, CA",8.3
6101,CA,"Sutter, CA",8.9
6103,CA,"Tehama, CA",7.2
6105,CA,"Trinity, CA",6.3
6107,CA,"Tulare, CA",10.6
6109,CA,"Tuolumne, CA",7.3
6111,CA,"Ventura, CA",6.2
6113,CA,"Yolo, CA",5.9
6115,CA,"Yuba, CA",8.4
8000,CO,Colorado,5.4
8001,CO,"Adams, CO",6.2
8003,CO,"Alamosa, CO",6
8005,CO,"Arapahoe, CO",5.8
8007,CO,"Archuleta, CO",5.3
8009,CO,"Baca, CO",2.3
8011,CO,"Bent, CO",6.6
8013,CO,"Boulder, CO",4.4
8014,CO,"Broomfield/city, CO",4.6
8015,CO,"Chaffee, CO",4.4
8017,CO,"Cheyenne, CO",2.4
8019,CO,"Clear Creek, CO",5.5
8021,CO,"Conejos, CO",5.1
8023,CO,"Costilla, CO",6.4
8025,CO,"Crowley, CO",5.6
8027,CO,"Custer, CO",4.3
8029,CO,"Delta, CO",5.7
8031,CO,"Denver/city, CO",5.9
8033,CO,"Dolores, CO",5
8035,CO,"Douglas, CO",4.1
8037,CO,"Eagle, CO",4.8
8039,CO,"Elbert, CO",3.9
8041,CO,"El Paso, CO",5.7
8043,CO,"Fremont, CO",7.5
8045,CO,"Garfield, CO",5.1
8047,CO,"Gilpin, CO",6.1
8049,CO,"Grand, CO",4.6
8051,CO,"Gunnison, CO",4
8053,CO,"Hinsdale, CO",3.8
8055,CO,"Huerfano, CO",8.6
8057,CO,"Jackson, CO",3.6
8059,CO,"Jefferson, CO",5.1
8061,CO,"Kiowa, CO",3.5
8063,CO,"Kit Carson, CO",3.2
8065,CO,"Lake, CO",4.8
8067,CO,"La Plata, CO",5.5
8069,CO,"Larimer, CO",4.7
8071,CO,"Las Animas, CO",7
8073,CO,"Lincoln, CO",4.5
8075,CO,"Logan, CO",4.7
8077,CO,"Mesa, CO",5.8
8079,CO,"Mineral, CO",5.4
8081,CO,"Moffat, CO",5.1
8083,CO,"Montezuma, CO",6
8085,CO,"Montrose, CO",5.4
8087,CO,"Morgan, CO",5.3
8089,CO,"Otero, CO",6.6
8091,CO,"Ouray, CO",4.9
8093,CO,"Park, CO",4.2
8095,CO,"Phillips, CO",3.1
8097,CO,"Pitkin, CO",5.9
8099,CO,"Prowers, CO",4.9
8101,CO,"Pueblo, CO",8
8103,CO,"Rio Blanco, CO",5.9
8105,CO,"Rio Grande, CO",6.9
8107,CO,"Routt, CO",4.6
8109,CO,"Saguache, CO",6.2
8111,CO,"San Juan, CO",3.9
8113,CO,"San Miguel, CO",5.5
8115,CO,"Sedgwick, CO",4
8117,CO,"Summit, CO",4.3
8119,CO,"Teller, CO",5
8121,CO,"Washington, CO",3.4
8123,CO,"Weld, CO",5.8
8125,CO,"Yuma, CO",3
9000,CT,Connecticut,6.3
9001,CT,"Fairfield, CT",6.1
9003,CT,"Hartford, CT",6.6
9005,CT,"Litchfield, CT",5.5
9007,CT,"Middlesex, CT",5.2
9009,CT,"New Haven, CT",6.6
9011,CT,"New London, CT",6.8
9013,CT,"Tolland, CT",5.2
9015,CT,"Windham, CT",6.3
10000,DE,Delaware,5.5
10001,DE,"Kent, DE",6.4
10003,DE,"New Castle, DE",5.5
10005,DE,"Sussex, DE",5
11000,DC,District of Columbia,6.8
11001,DC,District of Columbia,6.8
12000,FL,Florida,4.6
12001,FL,"Alachua, FL",3.8
12003,FL,"Baker, FL",3.8
12005,FL,"Bay, FL",4
12007,FL,"Bradford, FL",4.3
12009,FL,"Brevard, FL",4.1
12011,FL,"Broward, FL",4.9
12013,FL,"Calhoun, FL",4.6
12015,FL,"Charlotte, FL",4.5
12017,FL,"Citrus, FL",5.8
12019,FL,"Clay, FL",3.6
12021,FL,"Collier, FL",3.7
12023,FL,"Columbia, FL",4.6
12027,FL,"DeSoto, FL",4.2
12029,FL,"Dixie, FL",4.5
12031,FL,"Duval, FL",4.5
12033,FL,"Escambia, FL",4.6
12035,FL,"Flagler, FL",4.7
12037,FL,"Franklin, FL",3.9
12039,FL,"Gadsden, FL",5.6
12041,FL,"Gilchrist, FL",3.8
12043,FL,"Glades, FL",4.4
12045,FL,"Gulf, FL",3.7
12047,FL,"Hamilton, FL",6
12049,FL,"Hardee, FL",4.9
12051,FL,"Hendry, FL",6.4
12053,FL,"Hernando, FL",5.2
12055,FL,"Highlands, FL",5.9
12057,FL,"Hillsborough, FL",4.3
12059,FL,"Holmes, FL",4.2
12061,FL,"Indian River, FL",4.8
12063,FL,"Jackson, FL",4.7
12065,FL,"Jefferson, FL",4.3
12067,FL,"Lafayette, FL",4
12069,FL,"Lake, FL",4.7
12071,FL,"Lee, FL",4.2
12073,FL,"Leon, FL",4.3
12075,FL,"Levy, FL",4.6
12077,FL,"Liberty, FL",4.3
12079,FL,"Madison, FL",5
12081,FL,"Manatee, FL",4.1
12083,FL,"Marion, FL",5
12085,FL,"Martin, FL",3.6
12086,FL,"Miami-Dade, FL",5.5
12087,FL,"Monroe, FL",3
12089,FL,"Nassau, FL",3.5
12091,FL,"Okaloosa, FL",3.4
12093,FL,"Okeechobee, FL",4.3
12095,FL,"Orange, FL",5.1
12097,FL,"Osceola, FL",6.2
12099,FL,"Palm Beach, FL",4.4
12101,FL,"Pasco, FL",4.5
12103,FL,"Pinellas, FL",4.1
12105,FL,"Polk, FL",5.4
12107,FL,"Putnam, FL",6
12109,FL,"St. Johns, FL",3.1
12111,FL,"St. Lucie, FL",5
12113,FL,"Santa Rosa, FL",3.6
12115,FL,"Sarasota, FL",4
12117,FL,"Seminole, FL",4.1
12119,FL,"Sumter, FL",5.4
12121,FL,"Suwannee, FL",4.6
12123,FL,"Taylor, FL",5.2
12125,FL,"Union, FL",3.8
12127,FL,"Volusia, FL",4.7
12129,FL,"Wakulla, FL",3.2
12131,FL,"Walton, FL",3.6
12133,FL,"Washington, FL",4.6
13000,GA,Georgia,3.9
13001,GA,"Appling, GA",3.6
13003,GA,"Atkinson, GA",2.9
13005,GA,"Bacon, GA",3.3
13007,GA,"Baker, GA",4.9
13009,GA,"Baldwin, GA",4.8
13011,GA,"Banks, GA",2.6
13013,GA,"Barrow, GA",2.9
13015,GA,"Bartow, GA",3.5
13017,GA,"Ben Hill, GA",5.3
13019,GA,"Berrien, GA",3.8
13021,GA,"Bibb, GA",5
13023,GA,"Bleckley, GA",5.1
13025,GA,"Brantley, GA",3.7
13027,GA,"Brooks, GA",3.8
13029,GA,"Bryan, GA",2.9
13031,GA,"Bulloch, GA",4.1
13033,GA,"Burke, GA",5.8
13035,GA,"Butts, GA",3.6
13037,GA,"Calhoun, GA",4.1
13039,GA,"Camden, GA",3.2
13043,GA,"Candler, GA",3
13045,GA,"Carroll, GA",3.7
13047,GA,"Catoosa, GA",2.8
13049,GA,"Charlton, GA",3.2
13051,GA,"Chatham, GA",4.3
13053,GA,"Chattahoochee, GA",4.5
13055,GA,"Chattooga, GA",4.8
13057,GA,"Cherokee, GA",2.6
13059,GA,"Clarke, GA",3.9
13061,GA,"Clay, GA",9.9
13063,GA,"Clayton, GA",6.3
13065,GA,"Clinch, GA",3
13067,GA,"Cobb, GA",3.2
13069,GA,"Coffee, GA",4.1
13071,GA,"Colquitt, GA",3.2
13073,GA,"Columbia, GA",2.7
13075,GA,"Cook, GA",3.4
13077,GA,"Coweta, GA",3.3
13079,GA,"Crawford, GA",3.8
13081,GA,"Crisp, GA",8.6
13083,GA,"Dade, GA",2.7
13085,GA,"Dawson, GA",2.7
13087,GA,"Decatur, GA",3.6
13089,GA,"DeKalb, GA",4.5
13091,GA,"Dodge, GA",4.3
13093,GA,"Dooly, GA",7.4
13095,GA,"Dougherty, GA",6.3
13097,GA,"Douglas, GA",4.3
13099,GA,"Early, GA",5
13101,GA,"Echols, GA",2.8
13103,GA,"Effingham, GA",3
13105,GA,"Elbert, GA",4.8
13107,GA,"Emanuel, GA",5.2
13109,GA,"Evans, GA",3.5
13111,GA,"Fannin, GA",2.9
13113,GA,"Fayette, GA",2.9
13115,GA,"Floyd, GA",3.7
13117,GA,"Forsyth, GA",2.5
13119,GA,"Franklin, GA",3.7
13121,GA,"Fulton, GA",4.6
13123,GA,"Gilmer, GA",3.1
13125,GA,"Glascock, GA",2.7
13127,GA,"Glynn, GA",3.8
13129,GA,"Gordon, GA",3.2
13131,GA,"Grady, GA",3.2
13133,GA,"Greene, GA",3.7
13135,GA,"Gwinnett, GA",3.5
13137,GA,"Habersham, GA",3.6
13139,GA,"Hall, GA",2.7
13141,GA,"Hancock, GA",6.3
13143,GA,"Haralson, GA",3.5
13145,GA,"Harris, GA",2.9
13147,GA,"Hart, GA",3.9
13149,GA,"Heard, GA",3.9
13151,GA,"Henry, GA",4.2
13153,GA,"Houston, GA",3.7
13155,GA,"Irwin, GA",4.5
13157,GA,"Jackson, GA",2.4
13159,GA,"Jasper, GA",3.2
13161,GA,"Jeff Davis, GA",4
13163,GA,"Jefferson, GA",4.9
13165,GA,"Jenkins, GA",4.8
13167,GA,"Johnson, GA",3.6
13169,GA,"Jones, GA",3.1
13171,GA,"Lamar, GA",4.2
13173,GA,"Lanier, GA",3.9
13175,GA,"Laurens, GA",4.3
13177,GA,"Lee, GA",3.1
13179,GA,"Liberty, GA",4
13181,GA,"Lincoln, GA",4
13183,GA,"Long, GA",3.1
13185,GA,"Lowndes, GA",4.1
13187,GA,"Lumpkin, GA",2.7
13189,GA,"McDuffie, GA",5.2
13191,GA,"McIntosh, GA",3.7
13193,GA,"Macon, GA",6.5
13195,GA,"Madison, GA",3.1
13197,GA,"Marion, GA",3.7
13199,GA,"Meriwether, GA",5.1
13201,GA,"Miller, GA",3
13205,GA,"Mitchell, GA",5
13207,GA,"Monroe, GA",3.2
13209,GA,"Montgomery, GA",4.2
13211,GA,"Morgan, GA",3.2
13213,GA,"Murray, GA",4.3
13215,GA,"Muscogee, GA",5.2
13217,GA,"Newton, GA",4.4
13219,GA,"Oconee, GA",2.2
13221,GA,"Oglethorpe, GA",2.9
13223,GA,"Paulding, GA",3
13225,GA,"Peach, GA",4.8
13227,GA,"Pickens, GA",2.8
13229,GA,"Pierce, GA",3.1
13231,GA,"Pike, GA",2.8
13233,GA,"Polk, GA",3.6
13235,GA,"Pulaski, GA",3.8
13237,GA,"Putnam, GA",4
13239,GA,"Quitman, GA",4.7
13241,GA,"Rabun, GA",3.2
13243,GA,"Randolph, GA",5.2
13245,GA,"Richmond, GA",5.3
13247,GA,"Rockdale, GA",4.5
13249,GA,"Schley, GA",3.8
13251,GA,"Screven, GA",5.6
13253,GA,"Seminole, GA",3.7
13255,GA,"Spalding, GA",4.6
13257,GA,"Stephens, GA",4.3
13259,GA,"Stewart, GA",3.8
13261,GA,"Sumter, GA",5.7
13263,GA,"Talbot, GA",4.5
13265,GA,"Taliaferro, GA",5
13267,GA,"Tattnall, GA",3.2
13269,GA,"Taylor, GA",6
13271,GA,"Telfair, GA",7.1
13273,GA,"Terrell, GA",6.3
13275,GA,"Thomas, GA",4.2
13277,GA,"Tift, GA",3.4
13279,GA,"Toombs, GA",4.5
13281,GA,"Towns, GA",4
13283,GA,"Treutlen, GA",4.3
13285,GA,"Troup, GA",4.4
13287,GA,"Turner, GA",6.3
13289,GA,"Twiggs, GA",5.2
13291,GA,"Union, GA",2.7
13293,GA,"Upson, GA",4
13295,GA,"Walker, GA",3.2
13297,GA,"Walton, GA",3.2
13299,GA,"Ware, GA",3.7
13301,GA,"Warren, GA",4.7
13303,GA,"Washington, GA",5
13305,GA,"Wayne, GA",3.8
13307,GA,"Webster, GA",4.5
13309,GA,"Wheeler, GA",5.5
13311,GA,"White, GA",2.6
13313,GA,"Whitfield, GA",4
13315,GA,"Wilcox, GA",4.8
13317,GA,"Wilkes, GA",4.6
13319,GA,"Wilkinson, GA",4.2
13321,GA,"Worth, GA",4
15000,HI,Hawaii,6
15001,HI,"Hawaii, HI",5.8
15003,HI,"Honolulu/city, HI",5.6
15007,HI,"Kauai, HI",8.1
15009,HI,"Maui, HI",7.7
16000,ID,Idaho,3.5
16001,ID,"Ada, ID",3.2
16003,ID,"Adams, ID",6.4
16005,ID,"Bannock, ID",3.5
16007,ID,"Bear Lake, ID",2.9
16009,ID,"Benewah, ID",5.4
16011,ID,"Bingham, ID",3.1
16013,ID,"Blaine, ID",3.5
16015,ID,"Boise, ID",5.2
16017,ID,"Bonner, ID",4.7
16019,ID,"Bonneville, ID",2.8
16021,ID,"Boundary, ID",4.3
16023,ID,"Butte, ID",3.7
16025,ID,"Camas, ID",3.1
16027,ID,"Canyon, ID",3.9
16029,ID,"Caribou, ID",3
16031,ID,"Cassia, ID",2.7
16033,ID,"Clark, ID",3.2
16035,ID,"Clearwater, ID",6.3
16037,ID,"Custer, ID",4.5
16039,ID,"Elmore, ID",3.6
16041,ID,"Franklin, ID",2.5
16043,ID,"Fremont, ID",2.8
16045,ID,"Gem, ID",4
16047,ID,"Gooding, ID",2.9
16049,ID,"Idaho, ID",4.8
16051,ID,"Jefferson, ID",2.6
16053,ID,"Jerome, ID",3
16055,ID,"Kootenai, ID",4.2
16057,ID,"Latah, ID",3.3
16059,ID,"Lemhi, ID",5.2
16061,ID,"Lewis, ID",5.5
16063,ID,"Lincoln, ID",4.1
16065,ID,"Madison, ID",2.2
16067,ID,"Minidoka, ID",3
16069,ID,"Nez Perce, ID",3.2
16071,ID,"Oneida, ID",2.5
16073,ID,"Owyhee, ID",3.9
16075,ID,"Payette, ID",3.9
16077,ID,"Power, ID",3.6
16079,ID,"Shoshone, ID",6.4
16081,ID,"Teton, ID",2.9
16083,ID,"Twin Falls, ID",3.4
16085,ID,"Valley, ID",5.1
16087,ID,"Washington, ID",4.3
17000,IL,Illinois,6.1
17001,IL,"Adams, IL",4
17003,IL,"Alexander, IL",8.1
17005,IL,"Bond, IL",4.6
17007,IL,"Boone, IL",8.7
17009,IL,"Brown, IL",2.7
17011,IL,"Bureau, IL",5.1
17013,IL,"Calhoun, IL",4.9
17015,IL,"Carroll, IL",4.4
17017,IL,"Cass, IL",5.1
17019,IL,"Champaign, IL",5
17021,IL,"Christian, IL",5.6
17023,IL,"Clark, IL",5.2
17025,IL,"Clay, IL",5.7
17027,IL,"Clinton, IL",3.6
17029,IL,"Coles, IL",5.2
17031,IL,"Cook, IL",6.9
17033,IL,"Crawford, IL",5.2
17035,IL,"Cumberland, IL",4.3
17037,IL,"DeKalb, IL",5.8
17039,IL,"De Witt, IL",5
17041,IL,"Douglas, IL",3.8
17043,IL,"DuPage, IL",4.5
17045,IL,"Edgar, IL",4.2
17047,IL,"Edwards, IL",5.4
17049,IL,"Effingham, IL",3.9
17051,IL,"Fayette, IL",5.3
17053,IL,"Ford, IL",4.6
17055,IL,"Franklin, IL",6.7
17057,IL,"Fulton, IL",5.8
17059,IL,"Gallatin, IL",6.2
17061,IL,"Greene, IL",4.9
17063,IL,"Grundy, IL",5.3
17065,IL,"Hamilton, IL",4.7
17067,IL,"Hancock, IL",4.4
17069,IL,"Hardin, IL",7
17071,IL,"Henderson, IL",4.1
17073,IL,"Henry, IL",5
17075,IL,"Iroquois, IL",4.8
17077,IL,"Jackson, IL",5.6
17079,IL,"Jasper, IL",4.3
17081,IL,"Jefferson, IL",6.3
17083,IL,"Jersey, IL",4.4
17085,IL,"Jo Daviess, IL",4.5
17087,IL,"Johnson, IL",6.1
17089,IL,"Kane, IL",6
17091,IL,"Kankakee, IL",6.6
17093,IL,"Kendall, IL",4.7
17095,IL,"Knox, IL",6.6
17097,IL,"Lake, IL",5.4
17099,IL,"LaSalle, IL",6
17101,IL,"Lawrence, IL",6.6
17103,IL,"Lee, IL",4.6
17105,IL,"Livingston, IL",5.1
17107,IL,"Logan, IL",4.9
17109,IL,"McDonough, IL",5
17111,IL,"McHenry, IL",4.7
17113,IL,"McLean, IL",4.7
17115,IL,"Macon, IL",7.7
17117,IL,"Macoupin, IL",4.6
17119,IL,"Madison, IL",5
17121,IL,"Marion, IL",5.9
17123,IL,"Marshall, IL",5.6
17125,IL,"Mason, IL",5.4
17127,IL,"Massac, IL",5.9
17129,IL,"Menard, IL",4.2
17131,IL,"Mercer, IL",5
17133,IL,"Monroe, IL",3.2
17135,IL,"Montgomery, IL",5.6
17137,IL,"Morgan, IL",5.1
17139,IL,"Moultrie, IL",3.7
17141,IL,"Ogle, IL",5.9
17143,IL,"Peoria, IL",7.2
17145,IL,"Perry, IL",6.1
17147,IL,"Piatt, IL",4.2
17149,IL,"Pike, IL",4.2
17151,IL,"Pope, IL",4.8
17153,IL,"Pulaski, IL",9.5
17155,IL,"Putnam, IL",5.1
17157,IL,"Randolph, IL",4.5
17159,IL,"Richland, IL",4.5
17161,IL,"Rock Island, IL",5.7
17163,IL,"St. Clair, IL",6.1
17165,IL,"Saline, IL",6.8
17167,IL,"Sangamon, IL",5.6
17169,IL,"Schuyler, IL",4.2
17171,IL,"Scott, IL",5.2
17173,IL,"Shelby, IL",4.4
17175,IL,"Stark, IL",5.6
17177,IL,"Stephenson, IL",5.6
17179,IL,"Tazewell, IL",5.1
17181,IL,"Union, IL",5.8
17183,IL,"Vermilion, IL",6.7
17185,IL,"Wabash, IL",4.8
17187,IL,"Warren, IL",4.8
17189,IL,"Washington, IL",3.1
17191,IL,"Wayne, IL",4.9
17193,IL,"White, IL",5
17195,IL,"Whiteside, IL",5
17197,IL,"Will, IL",5.7
17199,IL,"Williamson, IL",5.7
17201,IL,"Winnebago, IL",8.5
17203,IL,"Woodford, IL",4.1
18000,IN,Indiana,3.9
18001,IN,"Adams, IN",2.4
18003,IN,"Allen, IN",4
18005,IN,"Bartholomew, IN",3.1
18007,IN,"Benton, IN",3
18009,IN,"Blackford, IN",4
18011,IN,"Boone, IN",2.3
18013,IN,"Brown, IN",3.6
18015,IN,"Carroll, IN",3.3
18017,IN,"Cass, IN",4
18019,IN,"Clark, IN",3.5
18021,IN,"Clay, IN",3.9
18023,IN,"Clinton, IN",3
18025,IN,"Crawford, IN",4
18027,IN,"Daviess, IN",2.6
18029,IN,"Dearborn, IN",3.3
18031,IN,"Decatur, IN",3.1
18033,IN,"DeKalb, IN",3
18035,IN,"Delaware, IN",4.4
18037,IN,"Dubois, IN",2.6
18039,IN,"Elkhart, IN",2.8
18041,IN,"Fayette, IN",4.8
18043,IN,"Floyd, IN",3
18045,IN,"Fountain, IN",3.1
18047,IN,"Franklin, IN",3
18049,IN,"Fulton, IN",3.6
18051,IN,"Gibson, IN",2.7
18053,IN,"Grant, IN",4.1
18055,IN,"Greene, IN",3.8
18057,IN,"Hamilton, IN",2.4
18059,IN,"Hancock, IN",2.8
18061,IN,"Harrison, IN",2.9
18063,IN,"Hendricks, IN",2.8
18065,IN,"Henry, IN",3.6
18067,IN,"Howard, IN",6.8
18069,IN,"Huntington, IN",3.3
18071,IN,"Jackson, IN",3.3
18073,IN,"Jasper, IN",3.8
18075,IN,"Jay, IN",3
18077,IN,"Jefferson, IN",3.5
18079,IN,"Jennings, IN",4
18081,IN,"Johnson, IN",2.8
18083,IN,"Knox, IN",3.1
18085,IN,"Kosciusko, IN",3
18087,IN,"LaGrange, IN",2.2
18089,IN,"Lake, IN",6.5
18091,IN,"LaPorte, IN",5.4
18093,IN,"Lawrence, IN",3.8
18095,IN,"Madison, IN",4.5
18097,IN,"Marion, IN",4.8
18099,IN,"Marshall, IN",2.9
18101,IN,"Martin, IN",2.8
18103,IN,"Miami, IN",4.9
18105,IN,"Monroe, IN",3.2
18107,IN,"Montgomery, IN",2.9
18109,IN,"Morgan, IN",3.2
18111,IN,"Newton, IN",4.1
18113,IN,"Noble, IN",3.6
18115,IN,"Ohio, IN",2.8
18117,IN,"Orange, IN",4.7
18119,IN,"Owen, IN",3.9
18121,IN,"Parke, IN",3.2
18123,IN,"Perry, IN",3.4
18125,IN,"Pike, IN",3.8
18127,IN,"Porter, IN",4.2
18129,IN,"Posey, IN",2.9
18131,IN,"Pulaski, IN",3.2
18133,IN,"Putnam, IN",3.4
18135,IN,"Randolph, IN",3.3
18137,IN,"Ripley, IN",3.1
18139,IN,"Rush, IN",3.1
18141,IN,"St. Joseph, IN",4.6
18143,IN,"Scott, IN",4.3
18145,IN,"Shelby, IN",3.3
18147,IN,"Spencer, IN",3
18149,IN,"Starke, IN",4.7
18151,IN,"Steuben, IN",2.8
18153,IN,"Sullivan, IN",4.2
18155,IN,"Switzerland, IN",3.7
18157,IN,"Tippecanoe, IN",3.6
18159,IN,"Tipton, IN",3.3
18161,IN,"Union, IN",2.6
18163,IN,"Vanderburgh, IN",4
18165,IN,"Vermillion, IN",4.4
18167,IN,"Vigo, IN",4.7
18169,IN,"Wabash, IN",3.2
18171,IN,"Warren, IN",2.8
18173,IN,"Warrick, IN",2.9
18175,IN,"Washington, IN",3.4
18177,IN,"Wayne, IN",3.9
18179,IN,"Wells, IN",2.8
18181,IN,"White, IN",2.9
18183,IN,"Whitley, IN",2.9
19000,IA,Iowa,3.8
19001,IA,"Adair, IA",2.8
19003,IA,"Adams, IA",2.7
19005,IA,"Allamakee, IA",4.1
19007,IA,"Appanoose, IA",3.9
19009,IA,"Audubon, IA",2.9
19011,IA,"Benton, IA",4
19013,IA,"Black Hawk, IA",4.1
19015,IA,"Boone, IA",3.1
19017,IA,"Bremer, IA",2.9
19019,IA,"Buchanan, IA",3.3
19021,IA,"Buena Vista, IA",2.9
19023,IA,"Butler, IA",3.4
19025,IA,"Calhoun, IA",3.6
19027,IA,"Carroll, IA",2.8
19029,IA,"Cass, IA",3.3
19031,IA,"Cedar, IA",3.4
19033,IA,"Cerro Gordo, IA",3.9
19035,IA,"Cherokee, IA",3
19037,IA,"Chickasaw, IA",3.2
19039,IA,"Clarke, IA",3.8
19041,IA,"Clay, IA",3.3
19043,IA,"Clayton, IA",4.6
19045,IA,"Clinton, IA",4.8
19047,IA,"Crawford, IA",4.7
19049,IA,"Dallas, IA",2.6
19051,IA,"Davis, IA",3
19053,IA,"Decatur, IA",3
19055,IA,"Delaware, IA",3
19057,IA,"Des Moines, IA",5.7
19059,IA,"Dickinson, IA",3.5
19061,IA,"Dubuque, IA",4
19063,IA,"Emmet, IA",3.7
19065,IA,"Fayette, IA",4.2
19067,IA,"Floyd, IA",3.9
19069,IA,"Franklin, IA",3.4
19071,IA,"Fremont, IA",2.6
19073,IA,"Greene, IA",3.1
19075,IA,"Grundy, IA",3.3
19077,IA,"Guthrie, IA",3.8
19079,IA,"Hamilton, IA",3.8
19081,IA,"Hancock, IA",3.4
19083,IA,"Hardin, IA",3.8
19085,IA,"Harrison, IA",3.5
19087,IA,"Henry, IA",3.8
19089,IA,"Howard, IA",3.5
19091,IA,"Humboldt, IA",3.1
19093,IA,"Ida, IA",2.8
19095,IA,"Iowa, IA",3.4
19097,IA,"Jackson, IA",4.5
19099,IA,"Jasper, IA",3.9
19101,IA,"Jefferson, IA",3.7
19103,IA,"Johnson, IA",3.4
19105,IA,"Jones, IA",4
19107,IA,"Keokuk, IA",4
19109,IA,"Kossuth, IA",2.9
19111,IA,"Lee, IA",5.3
19113,IA,"Linn, IA",4.5
19115,IA,"Louisa, IA",3.9
19117,IA,"Lucas, IA",2.8
19119,IA,"Lyon, IA",2.1
19121,IA,"Madison, IA",4.1
19123,IA,"Mahaska, IA",3.3
19125,IA,"Marion, IA",2.8
19127,IA,"Marshall, IA",5.8
19129,IA,"Mills, IA",3.2
19131,IA,"Mitchell, IA",2.7
19133,IA,"Monona, IA",4
19135,IA,"Monroe, IA",3.7
19137,IA,"Montgomery, IA",3.7
19139,IA,"Muscatine, IA",4.2
19141,IA,"O'Brien, IA",2.7
19143,IA,"Osceola, IA",2.2
19145,IA,"Page, IA",3.7
19147,IA,"Palo Alto, IA",3
19149,IA,"Plymouth, IA",2.7
19151,IA,"Pocahontas, IA",2.8
19153,IA,"Polk, IA",4
19155,IA,"Pottawattamie, IA",3.8
19157,IA,"Poweshiek, IA",4
19159,IA,"Ringgold, IA",3.1
19161,IA,"Sac, IA",3
19163,IA,"Scott, IA",4.9
19165,IA,"Shelby, IA",2.9
19167,IA,"Sioux, IA",2.2
19169,IA,"Story, IA",2.7
19171,IA,"Tama, IA",4.2
19173,IA,"Taylor, IA",2.8
19175,IA,"Union, IA",4
19177,IA,"Van Buren, IA",3.4
19179,IA,"Wapello, IA",4.5
19181,IA,"Warren, IA",3.4
19183,IA,"Washington, IA",3.4
19185,IA,"Wayne, IA",3.3
19187,IA,"Webster, IA",4.1
19189,IA,"Winnebago, IA",3.8
19191,IA,"Winneshiek, IA",3.7
19193,IA,"Woodbury, IA",3.9
19195,IA,"Worth, IA",3.8
19197,IA,"Wright, IA",3.8
20000,KS,Kansas,3.3
20001,KS,"Allen, KS",3.1
20003,KS,"Anderson, KS",2.6
20005,KS,"Atchison, KS",3.9
20007,KS,"Barber, KS",2
20009,KS,"Barton, KS",3
20011,KS,"Bourbon, KS",3.8
20013,KS,"Brown, KS",2.8
20015,KS,"Butler, KS",3.6
20017,KS,"Chase, KS",2.5
20019,KS,"Chautauqua, KS",4
20021,KS,"Cherokee, KS",3
20023,KS,"Cheyenne, KS",1.9
20025,KS,"Clark, KS",1.9
20027,KS,"Clay, KS",2.7
20029,KS,"Cloud, KS",2.9
20031,KS,"Coffey, KS",3.3
20033,KS,"Comanche, KS",2.2
20035,KS,"Cowley, KS",3.5
20037,KS,"Crawford, KS",3.3
20039,KS,"Decatur, KS",2.7
20041,KS,"Dickinson, KS",3.1
20043,KS,"Doniphan, KS",2.9
20045,KS,"Douglas, KS",3.2
20047,KS,"Edwards, KS",2.2
20049,KS,"Elk, KS",3
20051,KS,"Ellis, KS",2
20053,KS,"Ellsworth, KS",2.3
20055,KS,"Finney, KS",2.2
20057,KS,"Ford, KS",2.2
20059,KS,"Franklin, KS",3.2
20061,KS,"Geary, KS",4.4
20063,KS,"Gove, KS",1.9
20065,KS,"Graham, KS",3
20067,KS,"Grant, KS",3.1
20069,KS,"Gray, KS",1.8
20071,KS,"Greeley, KS",1.3
20073,KS,"Greenwood, KS",2.9
20075,KS,"Hamilton, KS",1.4
20077,KS,"Harper, KS",2.7
20079,KS,"Harvey, KS",3
20081,KS,"Haskell, KS",1.8
20083,KS,"Hodgeman, KS",1.8
20085,KS,"Jackson, KS",2.7
20087,KS,"Jefferson, KS",3
20089,KS,"Jewell, KS",2.3
20091,KS,"Johnson, KS",2.7
20093,KS,"Kearny, KS",1.7
20095,KS,"Kingman, KS",3.1
20097,KS,"Kiowa, KS",2.1
20099,KS,"Labette, KS",3.5
20101,KS,"Lane, KS",2.1
20103,KS,"Leavenworth, KS",3.4
20105,KS,"Lincoln, KS",2.2
20107,KS,"Linn, KS",4.4
20109,KS,"Logan, KS",1.7
20111,KS,"Lyon, KS",2.9
20113,KS,"McPherson, KS",2.2
20115,KS,"Marion, KS",2.5
20117,KS,"Marshall, KS",2
20119,KS,"Meade, KS",2.2
20121,KS,"Miami, KS",3
20123,KS,"Mitchell, KS",2
20125,KS,"Montgomery, KS",4
20127,KS,"Morris, KS",2.4
20129,KS,"Morton, KS",2.6
20131,KS,"Nemaha, KS",1.8
20133,KS,"Neosho, KS",4.3
20135,KS,"Ness, KS",2.3
20137,KS,"Norton, KS",1.8
20139,KS,"Osage, KS",3
20141,KS,"Osborne, KS",1.9
20143,KS,"Ottawa, KS",2.9
20145,KS,"Pawnee, KS",2.3
20147,KS,"Phillips, KS",2.2
20149,KS,"Pottawatomie, KS",2.6
20151,KS,"Pratt, KS",2.3
20153,KS,"Rawlins, KS",1.6
20155,KS,"Reno, KS",3.3
20157,KS,"Republic, KS",2.4
20159,KS,"Rice, KS",2.5
20161,KS,"Riley, KS",2.9
20163,KS,"Rooks, KS",2.5
20165,KS,"Rush, KS",2.5
20167,KS,"Russell, KS",2.5
20169,KS,"Saline, KS",3.1
20171,KS,"Scott, KS",1.6
20173,KS,"Sedgwick, KS",4.6
20175,KS,"Seward, KS",2.9
20177,KS,"Shawnee, KS",3.2
20179,KS,"Sheridan, KS",1.9
20181,KS,"Sherman, KS",2.6
20183,KS,"Smith, KS",1.8
20185,KS,"Stafford, KS",2.3
20187,KS,"Stanton, KS",2
20189,KS,"Stevens, KS",2.2
20191,KS,"Sumner, KS",4.2
20193,KS,"Thomas, KS",1.9
20195,KS,"Trego, KS",2.2
20197,KS,"Wabaunsee, KS",2.5
20199,KS,"Wallace, KS",1.8
20201,KS,"Washington, KS",1.8
20203,KS,"Wichita, KS",2
20205,KS,"Wilson, KS",4.1
20207,KS,"Woodson, KS",3.5
20209,KS,"Wyandotte, KS",4.7
21000,KY,Kentucky,4.4
21001,KY,"Adair, KY",4.7
21003,KY,"Allen, KY",3.9
21005,KY,"Anderson, KY",3.8
21007,KY,"Ballard, KY",4.8
21009,KY,"Barren, KY",5
21011,KY,"Bath, KY",5.4
21013,KY,"Bell, KY",5.4
21015,KY,"Boone, KY",3.6
21017,KY,"Bourbon, KY",3.7
21019,KY,"Boyd, KY",5.9
21021,KY,"Boyle, KY",4.7
21023,KY,"Bracken, KY",4.5
21025,KY,"Breathitt, KY",8.1
21027,KY,"Breckinridge, KY",4.9
21029,KY,"Bullitt, KY",4.4
21031,KY,"Butler, KY",4.4
21033,KY,"Caldwell, KY",4
21035,KY,"Calloway, KY",4.3
21037,KY,"Campbell, KY",3.8
21039,KY,"Carlisle, KY",3.7
21041,KY,"Carroll, KY",3.9
21043,KY,"Carter, KY",7.3
21045,KY,"Casey, KY",3.9
21047,KY,"Christian, KY",5.5
21049,KY,"Clark, KY",4.2
21051,KY,"Clay, KY",6.4
21053,KY,"Clinton, KY",4.3
21055,KY,"Crittenden, KY",4.1
21057,KY,"Cumberland, KY",3.4
21059,KY,"Daviess, KY",4.1
21061,KY,"Edmonson, KY",4.9
21063,KY,"Elliott, KY",7.9
21065,KY,"Estill, KY",4.9
21067,KY,"Fayette, KY",3.7
21069,KY,"Fleming, KY",4.6
21071,KY,"Floyd, KY",6.6
21073,KY,"Franklin, KY",4.2
21075,KY,"Fulton, KY",5
21077,KY,"Gallatin, KY",4.1
21079,KY,"Garrard, KY",4.3
21081,KY,"Grant, KY",4.2
21083,KY,"Graves, KY",4.2
21085,KY,"Grayson, KY",5.3
21087,KY,"Green, KY",3.5
21089,KY,"Greenup, KY",6.5
21091,KY,"Hancock, KY",4.1
21093,KY,"Hardin, KY",4.5
21095,KY,"Harlan, KY",7.9
21097,KY,"Harrison, KY",3.7
21099,KY,"Hart, KY",4.2
21101,KY,"Henderson, KY",4.2
21103,KY,"Henry, KY",3.8
21105,KY,"Hickman, KY",4.2
21107,KY,"Hopkins, KY",4.9
21109,KY,"Jackson, KY",5.9
21111,KY,"Jefferson, KY",4.5
21113,KY,"Jessamine, KY",3.8
21115,KY,"Johnson, KY",6.8
21117,KY,"Kenton, KY",3.9
21119,KY,"Knott, KY",6.7
21121,KY,"Knox, KY",5.9
21123,KY,"Larue, KY",4.7
21125,KY,"Laurel, KY",4.3
21127,KY,"Lawrence, KY",6.1
21129,KY,"Lee, KY",5.3
21131,KY,"Leslie, KY",7.5
21133,KY,"Letcher, KY",7.1
21135,KY,"Lewis, KY",7.2
21137,KY,"Lincoln, KY",5.3
21139,KY,"Livingston, KY",5.7
21141,KY,"Logan, KY",3.6
21143,KY,"Lyon, KY",4.3
21145,KY,"McCracken, KY",4.8
21147,KY,"McCreary, KY",5.5
21149,KY,"McLean, KY",4.1
21151,KY,"Madison, KY",3.9
21153,KY,"Magoffin, KY",11.5
21155,KY,"Marion, KY",4.1
21157,KY,"Marshall, KY",4.4
21159,KY,"Martin, KY",8.6
21161,KY,"Mason, KY",5.2
21163,KY,"Meade, KY",5
21165,KY,"Menifee, KY",6.5
21167,KY,"Mercer, KY",4.3
21169,KY,"Metcalfe, KY",5.1
21171,KY,"Monroe, KY",3.8
21173,KY,"Montgomery, KY",5
21175,KY,"Morgan, KY",5.4
21177,KY,"Muhlenberg, KY",6.2
21179,KY,"Nelson, KY",4.1
21181,KY,"Nicholas, KY",4.1
21183,KY,"Ohio, KY",5.2
21185,KY,"Oldham, KY",3.4
21187,KY,"Owen, KY",4.1
21189,KY,"Owsley, KY",6.7
21191,KY,"Pendleton, KY",3.9
21193,KY,"Perry, KY",5.8
21195,KY,"Pike, KY",6
21197,KY,"Powell, KY",4.6
21199,KY,"Pulaski, KY",4.7
21201,KY,"Robertson, KY",4
21203,KY,"Rockcastle, KY",4.7
21205,KY,"Rowan, KY",5
21207,KY,"Russell, KY",5.2
21209,KY,"Scott, KY",3.5
21211,KY,"Shelby, KY",3.6
21213,KY,"Simpson, KY",4
21215,KY,"Spencer, KY",4.1
21217,KY,"Taylor, KY",3.7
21219,KY,"Todd, KY",3.4
21221,KY,"Trigg, KY",4.8
21223,KY,"Trimble, KY",4.6
21225,KY,"Union, KY",4.2
21227,KY,"Warren, KY",4
21229,KY,"Washington, KY",3.7
21231,KY,"Wayne, KY",4.8
21233,KY,"Webster, KY",4.2
21235,KY,"Whitley, KY",4.8
21237,KY,"Wolfe, KY",5.7
21239,KY,"Woodford, KY",3.2
22000,LA,Louisiana,5.6
22001,LA,"Acadia Parish, LA",5.1
22003,LA,"Allen Parish, LA",5.7
22005,LA,"Ascension Parish, LA",4.3
22007,LA,"Assumption Parish, LA",7.1
22009,LA,"Avoyelles Parish, LA",5.4
22011,LA,"Beauregard Parish, LA",4.3
22013,LA,"Bienville Parish, LA",5.8
22015,LA,"Bossier Parish, LA",4
22017,LA,"Caddo Parish, LA",6.3
22019,LA,"Calcasieu Parish, LA",5.7
22021,LA,"Caldwell Parish, LA",4.8
22023,LA,"Cameron Parish, LA",3.6
22025,LA,"Catahoula Parish, LA",5.3
22027,LA,"Claiborne Parish, LA",5
22029,LA,"Concordia Parish, LA",6
22031,LA,"De Soto Parish, LA",5
22033,LA,"East Baton Rouge Parish, LA",5.3
22035,LA,"East Carroll Parish, LA",9.9
22037,LA,"East Feliciana Parish, LA",4.7
22039,LA,"Evangeline Parish, LA",5.6
22041,LA,"Franklin Parish, LA",6
22043,LA,"Grant Parish, LA",4.2
22045,LA,"Iberia Parish, LA",7
22047,LA,"Iberville Parish, LA",7.1
22049,LA,"Jackson Parish, LA",3.9
22051,LA,"Jefferson Parish, LA",6
22053,LA,"Jefferson Davis Parish, LA",5
22055,LA,"Lafayette Parish, LA",4.6
22057,LA,"Lafourche Parish, LA",4.7
22059,LA,"LaSalle Parish, LA",3.4
22061,LA,"Lincoln Parish, LA",4.4
22063,LA,"Livingston Parish, LA",3.9
22065,LA,"Madison Parish, LA",6.9
22067,LA,"Morehouse Parish, LA",7.4
22069,LA,"Natchitoches Parish, LA",4.8
22071,LA,"Orleans Parish, LA",8.3
22073,LA,"Ouachita Parish, LA",5.1
22075,LA,"Plaquemines Parish, LA",4.5
22077,LA,"Pointe Coupee Parish, LA",5.8
22079,LA,"Rapides Parish, LA",4.2
22081,LA,"Red River Parish, LA",4.5
22083,LA,"Richland Parish, LA",5.4
22085,LA,"Sabine Parish, LA",3.9
22087,LA,"St. Bernard Parish, LA",6.8
22089,LA,"St. Charles Parish, LA",5.1
22091,LA,"St. Helena Parish, LA",9.1
22093,LA,"St. James Parish, LA",7.4
22095,LA,"St. John the Baptist Parish, LA",8.6
22097,LA,"St. Landry Parish, LA",6.4
22099,LA,"St. Martin Parish, LA",5.7
22101,LA,"St. Mary Parish, LA",6.8
22103,LA,"St. Tammany Parish, LA",4
22105,LA,"Tangipahoa Parish, LA",6.5
22107,LA,"Tensas Parish, LA",6
22109,LA,"Terrebonne Parish, LA",5.9
22111,LA,"Union Parish, LA",5
22113,LA,"Vermilion Parish, LA",5.2
22115,LA,"Vernon Parish, LA",4.8
22117,LA,"Washington Parish, LA",6
22119,LA,"Webster Parish, LA",5.6
22121,LA,"West Baton Rouge Parish, LA",4.9
22123,LA,"West Carroll Parish, LA",6.5
22125,LA,"West Feliciana Parish, LA",3.8
22127,LA,"Winn Parish, LA",5
23000,ME,Maine,4.6
23001,ME,"Androscoggin, ME",4.9
23003,ME,"Aroostook, ME",5.7
23005,ME,"Cumberland, ME",4
23007,ME,"Franklin, ME",5.3
23009,ME,"Hancock, ME",5
23011,ME,"Kennebec, ME",4.3
23013,ME,"Knox, ME",4.4
23015,ME,"Lincoln, ME",4.4
23017,ME,"Oxford, ME",5.6
23019,ME,"Penobscot, ME",4.8
23021,ME,"Piscataquis, ME",5
23023,ME,"Sagadahoc, ME",3.7
23025,ME,"Somerset, ME",6.3
23027,ME,"Waldo, ME",4.7
23029,ME,"Washington, ME",6.4
23031,ME,"York, ME",4.5
24000,MD,Maryland,5.3
24001,MD,"Allegany, MD",5.9
24003,MD,"Anne Arundel, MD",4.4
24005,MD,"Baltimore, MD",5.2
24009,MD,"Calvert, MD",4.2
24011,MD,"Caroline, MD",4.5
24013,MD,"Carroll, MD",3.9
24015,MD,"Cecil, MD",4.8
24017,MD,"Charles, MD",5.3
24019,MD,"Dorchester, MD",5.3
24021,MD,"Frederick, MD",4.4
24023,MD,"Garrett, MD",4.9
24025,MD,"Harford, MD",4.4
24027,MD,"Howard, MD",4
24029,MD,"Kent, MD",5.1
24031,MD,"Montgomery, MD",5.1
24033,MD,"Prince George's, MD",6.8
24035,MD,"Queen Anne's, MD",4
24037,MD,"St. Mary's, MD",4.1
24039,MD,"Somerset, MD",6.9
24041,MD,"Talbot, MD",5
24043,MD,"Washington, MD",5
24045,MD,"Wicomico, MD",5.6
24047,MD,"Worcester, MD",7.5
24510,MD,"Baltimore city, MD",7
25000,MA,Massachusetts,5.5
25001,MA,"Barnstable, MA",6.5
25003,MA,"Berkshire, MA",6.5
25005,MA,"Bristol, MA",6.3
25007,MA,"Dukes, MA",6.3
25009,MA,"Essex, MA",6.1
25011,MA,"Franklin, MA",4.9
25013,MA,"Hampden, MA",7.2
25015,MA,"Hampshire, MA",4.5
25017,MA,"Middlesex, MA",4.5
25019,MA,"Nantucket/town, MA",7.4
25021,MA,"Norfolk, MA",5
25023,MA,"Plymouth, MA",5.9
25025,MA,"Suffolk, MA",5.7
25027,MA,"Worcester, MA",5.7
26000,MI,Michigan,5.8
26001,MI,"Alcona, MI",7
26003,MI,"Alger, MI",7.9
26005,MI,"Allegan, MI",4.7
26007,MI,"Alpena, MI",5.5
26009,MI,"Antrim, MI",6.9
26011,MI,"Arenac, MI",8.2
26013,MI,"Baraga, MI",7.7
26015,MI,"Barry, MI",4.6
26017,MI,"Bay, MI",6
26019,MI,"Benzie, MI",5.9
26021,MI,"Berrien, MI",5.8
26023,MI,"Branch, MI",4.9
26025,MI,"Calhoun, MI",6.5
26027,MI,"Cass, MI",5.1
26029,MI,"Charlevoix, MI",5.9
26031,MI,"Cheboygan, MI",8.4
26033,MI,"Chippewa, MI",6.5
26035,MI,"Clare, MI",7.9
26037,MI,"Clinton, MI",4.5
26039,MI,"Crawford, MI",7
26041,MI,"Delta, MI",6.1
26043,MI,"Dickinson, MI",4.8
26045,MI,"Eaton, MI",5.3
26047,MI,"Emmet, MI",6.2
26049,MI,"Genesee, MI",7.5
26051,MI,"Gladwin, MI",6.9
26053,MI,"Gogebic, MI",5.5
26055,MI,"Grand Traverse, MI",5
26057,MI,"Gratiot, MI",5.6
26059,MI,"Hillsdale, MI",5.4
26061,MI,"Houghton, MI",5
26063,MI,"Huron, MI",5.4
26065,MI,"Ingham, MI",5.6
26067,MI,"Ionia, MI",4.8
26069,MI,"Iosco, MI",7.1
26071,MI,"Iron, MI",6.1
26073,MI,"Isabella, MI",5.3
26075,MI,"Jackson, MI",5.7
26077,MI,"Kalamazoo, MI",5
26079,MI,"Kalkaska, MI",7.1
26081,MI,"Kent, MI",4.7
26083,MI,"Keweenaw, MI",6.6
26085,MI,"Lake, MI",8.1
26087,MI,"Lapeer, MI",6
26089,MI,"Leelanau, MI",5.1
26091,MI,"Lenawee, MI",5.5
26093,MI,"Livingston, MI",4.2
26095,MI,"Luce, MI",6.9
26097,MI,"Mackinac, MI",8.6
26099,MI,"Macomb, MI",5.9
26101,MI,"Manistee, MI",7.2
26103,MI,"Marquette, MI",5.3
26105,MI,"Mason, MI",6.4
26107,MI,"Mecosta, MI",6.3
26109,MI,"Menominee, MI",4.5
26111,MI,"Midland, MI",4.9
26113,MI,"Missaukee, MI",5.5
26115,MI,"Monroe, MI",6
26117,MI,"Montcalm, MI",5.6
26119,MI,"Montmorency, MI",9.1
26121,MI,"Muskegon, MI",7.3
26123,MI,"Newaygo, MI",5.6
26125,MI,"Oakland, MI",4.6
26127,MI,"Oceana, MI",7.3
26129,MI,"Ogemaw, MI",7.7
26131,MI,"Ontonagon, MI",7.6
26133,MI,"Osceola, MI",5.5
26135,MI,"Oscoda, MI",8.8
26137,MI,"Otsego, MI",6.7
26139,MI,"Ottawa, MI",4.1
26141,MI,"Presque Isle, MI",7.8
26143,MI,"Roscommon, MI",9.3
26145,MI,"Saginaw, MI",7
26147,MI,"St. Clair, MI",5.9
26149,MI,"St. Joseph, MI",5.1
26151,MI,"Sanilac, MI",6.1
26153,MI,"Schoolcraft, MI",8
26155,MI,"Shiawassee, MI",5.7
26157,MI,"Tuscola, MI",6.3
26159,MI,"Van Buren, MI",6
26161,MI,"Washtenaw, MI",4.3
26163,MI,"Wayne, MI",7.8
26165,MI,"Wexford, MI",5.9
27000,MN,Minnesota,3.8
27001,MN,"Aitkin, MN",5.2
27003,MN,"Anoka, MN",3.8
27005,MN,"Becker, MN",3.6
27007,MN,"Beltrami, MN",4
27009,MN,"Benton, MN",4.7
27011,MN,"Big Stone, MN",3.8
27013,MN,"Blue Earth, MN",3.4
27015,MN,"Brown, MN",3.4
27017,MN,"Carlton, MN",4.4
27019,MN,"Carver, MN",3
27021,MN,"Cass, MN",4.9
27023,MN,"Chippewa, MN",3.2
27025,MN,"Chisago, MN",4.1
27027,MN,"Clay, MN",3
27029,MN,"Clearwater, MN",6.5
27031,MN,"Cook, MN",4.8
27033,MN,"Cottonwood, MN",3.7
27035,MN,"Crow Wing, MN",4.4
27037,MN,"Dakota, MN",3.5
27039,MN,"Dodge, MN",3.4
27041,MN,"Douglas, MN",3.1
27043,MN,"Faribault, MN",4.1
27045,MN,"Fillmore, MN",3.3
27047,MN,"Freeborn, MN",3.8
27049,MN,"Goodhue, MN",3.5
27051,MN,"Grant, MN",4
27053,MN,"Hennepin, MN",3.8
27055,MN,"Houston, MN",3.1
27057,MN,"Hubbard, MN",4.4
27059,MN,"Isanti, MN",4.5
27061,MN,"Itasca, MN",5.1
27063,MN,"Jackson, MN",3.5
27065,MN,"Kanabec, MN",5.7
27067,MN,"Kandiyohi, MN",3.9
27069,MN,"Kittson, MN",3.2
27071,MN,"Koochiching, MN",4.8
27073,MN,"Lac qui Parle, MN",3.1
27075,MN,"Lake, MN",3.9
27077,MN,"Lake of the Woods, MN",4
27079,MN,"Le Sueur, MN",4.6
27081,MN,"Lincoln, MN",3.7
27083,MN,"Lyon, MN",3
27085,MN,"McLeod, MN",3.8
27087,MN,"Mahnomen, MN",6.6
27089,MN,"Marshall, MN",4.5
27091,MN,"Martin, MN",3.5
27093,MN,"Meeker, MN",3.7
27095,MN,"Mille Lacs, MN",5.7
27097,MN,"Morrison, MN",4.8
27099,MN,"Mower, MN",3.4
27101,MN,"Murray, MN",4.1
27103,MN,"Nicollet, MN",3
27105,MN,"Nobles, MN",3.1
27107,MN,"Norman, MN",4.3
27109,MN,"Olmsted, MN",3.1
27111,MN,"Otter Tail, MN",3.7
27113,MN,"Pennington, MN",4
27115,MN,"Pine, MN",5.5
27117,MN,"Pipestone, MN",3.1
27119,MN,"Polk, MN",4.2
27121,MN,"Pope, MN",3.2
27123,MN,"Ramsey, MN",4.2
27125,MN,"Red Lake, MN",4.3
27127,MN,"Redwood, MN",3.7
27129,MN,"Renville, MN",4.3
27131,MN,"Rice, MN",3.5
27133,MN,"Rock, MN",2.1
27135,MN,"Roseau, MN",3.2
27137,MN,"St. Louis, MN",4.2
27139,MN,"Scott, MN",3.4
27141,MN,"Sherburne, MN",3.9
27143,MN,"Sibley, MN",4
27145,MN,"Stearns, MN",4
27147,MN,"Steele, MN",3.6
27149,MN,"Stevens, MN",2.6
27151,MN,"Swift, MN",4
27153,MN,"Todd, MN",4.1
27155,MN,"Traverse, MN",3.4
27157,MN,"Wabasha, MN",3.3
27159,MN,"Wadena, MN",4.9
27161,MN,"Waseca, MN",4.3
27163,MN,"Washington, MN",3.3
27165,MN,"Watonwan, MN",3.3
27167,MN,"Wilkin, MN",3.1
27169,MN,"Winona, MN",3.1
27171,MN,"Wright, MN",3.5
27173,MN,"Yellow Medicine, MN",3.2
28000,MS,Mississippi,5.5
28001,MS,"Adams, MS",8
28003,MS,"Alcorn, MS",4.7
28005,MS,"Amite, MS",7.1
28007,MS,"Attala, MS",5.9
28009,MS,"Benton, MS",6.3
28011,MS,"Bolivar, MS",6.7
28013,MS,"Calhoun, MS",5.2
28015,MS,"Carroll, MS",5.8
28017,MS,"Chickasaw, MS",6.1
28019,MS,"Choctaw, MS",4.8
28021,MS,"Claiborne, MS",11.3
28023,MS,"Clarke, MS",6.2
28025,MS,"Clay, MS",6.9
28027,MS,"Coahoma, MS",8.4
28029,MS,"Copiah, MS",6.3
28031,MS,"Covington, MS",5.1
28033,MS,"DeSoto, MS",4.4
28035,MS,"Forrest, MS",5.5
28037,MS,"Franklin, MS",6.7
28039,MS,"George, MS",6.8
28041,MS,"Greene, MS",7.4
28043,MS,"Grenada, MS",4.9
28045,MS,"Hancock, MS",5.7
28047,MS,"Harrison, MS",5.4
28049,MS,"Hinds, MS",6
28051,MS,"Holmes, MS",10.6
28053,MS,"Humphreys, MS",12.2
28055,MS,"Issaquena, MS",8.9
28057,MS,"Itawamba, MS",4.3
28059,MS,"Jackson, MS",5.9
28061,MS,"Jasper, MS",7.1
28063,MS,"Jefferson, MS",15.8
28065,MS,"Jefferson Davis, MS",7.5
28067,MS,"Jones, MS",5.6
28069,MS,"Kemper, MS",7.2
28071,MS,"Lafayette, MS",4.1
28073,MS,"Lamar, MS",4.1
28075,MS,"Lauderdale, MS",5.3
28077,MS,"Lawrence, MS",6.7
28079,MS,"Leake, MS",5.6
28081,MS,"Lee, MS",4.5
28083,MS,"Leflore, MS",8
28085,MS,"Lincoln, MS",5
28087,MS,"Lowndes, MS",5.8
28089,MS,"Madison, MS",4.2
28091,MS,"Marion, MS",5.2
28093,MS,"Marshall, MS",5.7
28095,MS,"Monroe, MS",5.1
28097,MS,"Montgomery, MS",6
28099,MS,"Neshoba, MS",5.6
28101,MS,"Newton, MS",5.4
28103,MS,"Noxubee, MS",8.6
28105,MS,"Oktibbeha, MS",5.5
28107,MS,"Panola, MS",6.9
28109,MS,"Pearl River, MS",5.6
28111,MS,"Perry, MS",6.4
28113,MS,"Pike, MS",6.9
28115,MS,"Pontotoc, MS",4.4
28117,MS,"Prentiss, MS",4.3
28119,MS,"Quitman, MS",8.3
28121,MS,"Rankin, MS",3.6
28123,MS,"Scott, MS",4.6
28125,MS,"Sharkey, MS",9
28127,MS,"Simpson, MS",5.2
28129,MS,"Smith, MS",4.5
28131,MS,"Stone, MS",5.4
28133,MS,"Sunflower, MS",8.9
28135,MS,"Tallahatchie, MS",6
28137,MS,"Tate, MS",5.5
28139,MS,"Tippah, MS",4.6
28141,MS,"Tishomingo, MS",4.5
28143,MS,"Tunica, MS",8.5
28145,MS,"Union, MS",4
28147,MS,"Walthall, MS",6.8
28149,MS,"Warren, MS",6
28151,MS,"Washington, MS",8
28153,MS,"Wayne, MS",6.6
28155,MS,"Webster, MS",5.4
28157,MS,"Wilkinson, MS",10.7
28159,MS,"Winston, MS",6
28161,MS,"Yalobusha, MS",5.4
28163,MS,"Yazoo, MS",7.1
29000,MO,Missouri,4.1
29001,MO,"Adair, MO",4.1
29003,MO,"Andrew, MO",2.9
29005,MO,"Atchison, MO",3.1
29007,MO,"Audrain, MO",3.5
29009,MO,"Barry, MO",4.3
29011,MO,"Barton, MO",3.2
29013,MO,"Bates, MO",4
29015,MO,"Benton, MO",5.4
29017,MO,"Bollinger, MO",3.9
29019,MO,"Boone, MO",2.8
29021,MO,"Buchanan, MO",3.6
29023,MO,"Butler, MO",4.4
29025,MO,"Caldwell, MO",4.8
29027,MO,"Callaway, MO",3.2
29029,MO,"Camden, MO",4.7
29031,MO,"Cape Girardeau, MO",3.4
29033,MO,"Carroll, MO",4.1
29035,MO,"Carter, MO",4.9
29037,MO,"Cass, MO",3.7
29039,MO,"Cedar, MO",3.5
29041,MO,"Chariton, MO",3.1
29043,MO,"Christian, MO",3
29045,MO,"Clark, MO",4.4
29047,MO,"Clay, MO",4.6
29049,MO,"Clinton, MO",5
29051,MO,"Cole, MO",2.9
29053,MO,"Cooper, MO",3.4
29055,MO,"Crawford, MO",4.3
29057,MO,"Dade, MO",3.1
29059,MO,"Dallas, MO",4.1
29061,MO,"Daviess, MO",3.6
29063,MO,"DeKalb, MO",3.6
29065,MO,"Dent, MO",4.1
29067,MO,"Douglas, MO",4
29069,MO,"Dunklin, MO",5.7
29071,MO,"Franklin, MO",3.7
29073,MO,"Gasconade, MO",3.4
29075,MO,"Gentry, MO",2.5
29077,MO,"Greene, MO",3.2
29079,MO,"Grundy, MO",3.4
29081,MO,"Harrison, MO",3.4
29083,MO,"Henry, MO",3.8
29085,MO,"Hickory, MO",3.8
29087,MO,"Holt, MO",2.8
29089,MO,"Howard, MO",3.1
29091,MO,"Howell, MO",4.5
29093,MO,"Iron, MO",5.5
29095,MO,"Jackson, MO",5.1
29097,MO,"Jasper, MO",3.5
29099,MO,"Jefferson, MO",3.8
29101,MO,"Johnson, MO",4.2
29103,MO,"Knox, MO",3
29105,MO,"Laclede, MO",4.1
29107,MO,"Lafayette, MO",4
29109,MO,"Lawrence, MO",3.8
29111,MO,"Lewis, MO",3.3
29113,MO,"Lincoln, MO",4.3
29115,MO,"Linn, MO",5.1
29117,MO,"Livingston, MO",2.8
29119,MO,"McDonald, MO",3.6
29121,MO,"Macon, MO",3.5
29123,MO,"Madison, MO",4.2
29125,MO,"Maries, MO",3.6
29127,MO,"Marion, MO",3.3
29129,MO,"Mercer, MO",2.8
29131,MO,"Miller, MO",3.9
29133,MO,"Mississippi, MO",4.4
29135,MO,"Moniteau, MO",3.2
29137,MO,"Monroe, MO",4.1
29139,MO,"Montgomery, MO",3.5
29141,MO,"Morgan, MO",4.5
29143,MO,"New Madrid, MO",4.4
29145,MO,"Newton, MO",3.6
29147,MO,"Nodaway, MO",2.8
29149,MO,"Oregon, MO",5
29151,MO,"Osage, MO",2.5
29153,MO,"Ozark, MO",5.1
29155,MO,"Pemiscot, MO",6.8
29157,MO,"Perry, MO",3
29159,MO,"Pettis, MO",4.4
29161,MO,"Phelps, MO",3.5
29163,MO,"Pike, MO",3.7
29165,MO,"Platte, MO",3.8
29167,MO,"Polk, MO",3.3
29169,MO,"Pulaski, MO",4.2
29171,MO,"Putnam, MO",3
29173,MO,"Ralls, MO",3.2
29175,MO,"Randolph, MO",4
29177,MO,"Ray, MO",6.1
29179,MO,"Reynolds, MO",3.9
29181,MO,"Ripley, MO",5.1
29183,MO,"St. Charles, MO",3.2
29185,MO,"St. Clair, MO",4.2
29186,MO,"Ste. Genevieve, MO",3.2
29187,MO,"St. Francois, MO",4.5
29189,MO,"St. Louis, MO",4.2
29195,MO,"Saline, MO",3.3
29197,MO,"Schuyler, MO",4.1
29199,MO,"Scotland, MO",2.5
29201,MO,"Scott, MO",3.7
29203,MO,"Shannon, MO",5.3
29205,MO,"Shelby, MO",3.1
29207,MO,"Stoddard, MO",4.2
29209,MO,"Stone, MO",6.2
29211,MO,"Sullivan, MO",4.6
29213,MO,"Taney, MO",7
29215,MO,"Texas, MO",4.3
29217,MO,"Vernon, MO",3.2
29219,MO,"Warren, MO",3.9
29221,MO,"Washington, MO",4.8
29223,MO,"Wayne, MO",4.7
29225,MO,"Webster, MO",3.2
29227,MO,"Worth, MO",2.4
29229,MO,"Wright, MO",3.8
29510,MO,"St. Louis city, MO",5.9
30000,MT,Montana,3.4
30001,MT,"Beaverhead, MT",2.8
30003,MT,"Big Horn, MT",7.5
30005,MT,"Blaine, MT",3.9
30007,MT,"Broadwater, MT",4
30009,MT,"Carbon, MT",3.4
30011,MT,"Carter, MT",2.6
30013,MT,"Cascade, MT",3.3
30015,MT,"Chouteau, MT",2.8
30017,MT,"Custer, MT",3.1
30019,MT,"Daniels, MT",1.9
30021,MT,"Dawson, MT",3.1
30023,MT,"Deer Lodge, MT",3.3
30025,MT,"Fallon, MT",2.6
30027,MT,"Fergus, MT",3.3
30029,MT,"Flathead, MT",4
30031,MT,"Gallatin, MT",2.4
30033,MT,"Garfield, MT",2.4
30035,MT,"Glacier, MT",6.8
30037,MT,"Golden Valley, MT",3.5
30039,MT,"Granite, MT",4.5
30041,MT,"Hill, MT",3.1
30043,MT,"Jefferson, MT",3.3
30045,MT,"Judith Basin, MT",2.7
30047,MT,"Lake, MT",3.8
30049,MT,"Lewis and Clark, MT",3
30051,MT,"Liberty, MT",2.3
30053,MT,"Lincoln, MT",5.9
30055,MT,"McCone, MT",1.8
30057,MT,"Madison, MT",3.2
30059,MT,"Meagher, MT",2.5
30061,MT,"Mineral, MT",5.3
30063,MT,"Missoula, MT",3.4
30065,MT,"Musselshell, MT",4.2
30067,MT,"Park, MT",3.5
30069,MT,"Petroleum, MT",2.9
30071,MT,"Phillips, MT",3.8
30073,MT,"Pondera, MT",3.2
30075,MT,"Powder River, MT",2.6
30077,MT,"Powell, MT",2.6
30079,MT,"Prairie, MT",3.7
30081,MT,"Ravalli, MT",3.6
30083,MT,"Richland, MT",4
30085,MT,"Roosevelt, MT",4.2
30087,MT,"Rosebud, MT",4
30089,MT,"Sanders, MT",4.8
30091,MT,"Sheridan, MT",3.3
30093,MT,"Silver Bow, MT",3.6
30095,MT,"Stillwater, MT",2.9
30097,MT,"Sweet Grass, MT",2.4
30099,MT,"Teton, MT",3.2
30101,MT,"Toole, MT",2.6
30103,MT,"Treasure, MT",2.9
30105,MT,"Valley, MT",3.1
30107,MT,"Wheatland, MT",5.1
30109,MT,"Wibaux, MT",3.5
30111,MT,"Yellowstone, MT",3.2
31000,NE,Nebraska,2.7
31001,NE,"Adams, NE",2.6
31003,NE,"Antelope, NE",1.8
31005,NE,"Arthur, NE",3
31007,NE,"Banner, NE",2.3
31009,NE,"Blaine, NE",2.8
31011,NE,"Boone, NE",1.7
31013,NE,"Box Butte, NE",2.6
31015,NE,"Boyd, NE",2.1
31017,NE,"Brown, NE",2.4
31019,NE,"Buffalo, NE",2.2
31021,NE,"Burt, NE",2.6
31023,NE,"Butler, NE",2.3
31025,NE,"Cass, NE",2.9
31027,NE,"Cedar, NE",1.9
31029,NE,"Chase, NE",1.7
31031,NE,"Cherry, NE",1.7
31033,NE,"Cheyenne, NE",3
31035,NE,"Clay, NE",2.5
31037,NE,"Colfax, NE",2.1
31039,NE,"Cuming, NE",1.8
31041,NE,"Custer, NE",1.7
31043,NE,"Dakota, NE",3.3
31045,NE,"Dawes, NE",2
31047,NE,"Dawson, NE",2.3
31049,NE,"Deuel, NE",2.2
31051,NE,"Dixon, NE",2.3
31053,NE,"Dodge, NE",2.5
31055,NE,"Douglas, NE",3.2
31057,NE,"Dundy, NE",1.7
31059,NE,"Fillmore, NE",2.1
31061,NE,"Franklin, NE",2.3
31063,NE,"Frontier, NE",1.8
31065,NE,"Furnas, NE",2
31067,NE,"Gage, NE",2.6
31069,NE,"Garden, NE",2.1
31071,NE,"Garfield, NE",2.1
31073,NE,"Gosper, NE",1.7
31075,NE,"Grant, NE",1.4
31077,NE,"Greeley, NE",1.9
31079,NE,"Hall, NE",3.1
31081,NE,"Hamilton, NE",2.3
31083,NE,"Harlan, NE",2
31085,NE,"Hayes, NE",1.6
31087,NE,"Hitchcock, NE",2.3
31089,NE,"Holt, NE",1.9
31091,NE,"Hooker, NE",1.6
31093,NE,"Howard, NE",2.3
31095,NE,"Jefferson, NE",1.9
31097,NE,"Johnson, NE",3.1
31099,NE,"Kearney, NE",1.9
31101,NE,"Keith, NE",2.2
31103,NE,"Keya Paha, NE",1.7
31105,NE,"Kimball, NE",2.4
31107,NE,"Knox, NE",2.2
31109,NE,"Lancaster, NE",2.6
31111,NE,"Lincoln, NE",2.4
31113,NE,"Logan, NE",1.9
31115,NE,"Loup, NE",2.2
31117,NE,"McPherson, NE",1.8
31119,NE,"Madison, NE",2.6
31121,NE,"Merrick, NE",2.5
31123,NE,"Morrill, NE",2.6
31125,NE,"Nance, NE",2
31127,NE,"Nemaha, NE",2.4
31129,NE,"Nuckolls, NE",2
31131,NE,"Otoe, NE",2.5
31133,NE,"Pawnee, NE",2
31135,NE,"Perkins, NE",1.4
31137,NE,"Phelps, NE",1.9
31139,NE,"Pierce, NE",2.3
31141,NE,"Platte, NE",2.3
31143,NE,"Polk, NE",2
31145,NE,"Red Willow, NE",2.2
31147,NE,"Richardson, NE",2.6
31149,NE,"Rock, NE",1.5
31151,NE,"Saline, NE",2.5
31153,NE,"Sarpy, NE",2.6
31155,NE,"Saunders, NE",2.4
31157,NE,"Scotts Bluff, NE",2.9
31159,NE,"Seward, NE",2.7
31161,NE,"Sheridan, NE",2
31163,NE,"Sherman, NE",2.2
31165,NE,"Sioux, NE",1.9
31167,NE,"Stanton, NE",2.3
31169,NE,"Thayer, NE",1.8
31171,NE,"Thomas, NE",2.8
31173,NE,"Thurston, NE",3.6
31175,NE,"Valley, NE",2.3
31177,NE,"Washington, NE",2.5
31179,NE,"Wayne, NE",2.1
31181,NE,"Webster, NE",2.2
31183,NE,"Wheeler, NE",1.3
31185,NE,"York, NE",2.1
32000,NV,Nevada,6.9
32001,NV,"Churchill, NV",3.4
32003,NV,"Clark, NV",7.9
32005,NV,"Douglas, NV",4.4
32007,NV,"Elko, NV",3.2
32009,NV,"Esmeralda, NV",3.6
32011,NV,"Eureka, NV",2.4
32013,NV,"Humboldt, NV",3.3
32015,NV,"Lander, NV",3.4
32017,NV,"Lincoln, NV",3.2
32019,NV,"Lyon, NV",5
32021,NV,"Mineral, NV",3.7
32023,NV,"Nye, NV",5.9
32027,NV,"Pershing, NV",3.3
32029,NV,"Storey, NV",4.4
32031,NV,"Washoe, NV",4.1
32033,NV,"White Pine, NV",2.9
32510,NV,"Carson City, NV",4.6
33000,NH,New Hampshire,3.4
33001,NH,"Belknap, NH",3.6
33003,NH,"Carroll, NH",3.7
33005,NH,"Cheshire, NH",3.7
33007,NH,"Coos, NH",4.3
33009,NH,"Grafton, NH",3.2
33011,NH,"Hillsborough, NH",3.5
33013,NH,"Merrimack, NH",3.1
33015,NH,"Rockingham, NH",3.4
33017,NH,"Strafford, NH",3.2
33019,NH,"Sullivan, NH",3.2
34000,NJ,New Jersey,6.6
34001,NJ,"Atlantic, NJ",9.8
34003,NJ,"Bergen, NJ",6.3
34005,NJ,"Burlington, NJ",5.6
34007,NJ,"Camden, NJ",7
34009,NJ,"Cape May, NJ",9.2
34011,NJ,"Cumberland, NJ",8
34013,NJ,"Essex, NJ",8.3
34015,NJ,"Gloucester, NJ",6.3
34017,NJ,"Hudson, NJ",7
34019,NJ,"Hunterdon, NJ",4.8
34021,NJ,"Mercer, NJ",5.5
34023,NJ,"Middlesex, NJ",6
34025,NJ,"Monmouth, NJ",5.8
34027,NJ,"Morris, NJ",5.3
34029,NJ,"Ocean, NJ",6.3
34031,NJ,"Passaic, NJ",8.6
34033,NJ,"Salem, NJ",7.6
34035,NJ,"Somerset, NJ",5.4
34037,NJ,"Sussex, NJ",6.2
34039,NJ,"Union, NJ",6.9
34041,NJ,"Warren, NJ",5.8
35000,NM,New Mexico,7.1
35001,NM,"Bernalillo, NM",6.5
35003,NM,"Catron, NM",6.6
35005,NM,"Chaves, NM",7.3
35006,NM,"Cibola, NM",9.7
35007,NM,"Colfax, NM",6.3
35009,NM,"Curry, NM",5.2
35011,NM,"De Baca, NM",5.4
35013,NM,"Dona Ana, NM",6.9
35015,NM,"Eddy, NM",6.6
35017,NM,"Grant, NM",7.5
35019,NM,"Guadalupe, NM",7.4
35021,NM,"Harding, NM",5
35023,NM,"Hidalgo, NM",5.7
35025,NM,"Lea, NM",9.8
35027,NM,"Lincoln, NM",7.8
35028,NM,"Los Alamos, NM",3.2
35029,NM,"Luna, NM",15.3
35031,NM,"McKinley, NM",10
35033,NM,"Mora, NM",6.6
35035,NM,"Otero, NM",6.9
35037,NM,"Quay, NM",7.4
35039,NM,"Rio Arriba, NM",7.4
35041,NM,"Roosevelt, NM",5.9
35043,NM,"Sandoval, NM",6.9
35045,NM,"San Juan, NM",8.4
35047,NM,"San Miguel, NM",7.6
35049,NM,"Santa Fe, NM",6.4
35051,NM,"Sierra, NM",8.4
35053,NM,"Socorro, NM",6.6
35055,NM,"Taos, NM",9.2
35057,NM,"Torrance, NM",8.2
35059,NM,"Union, NM",4.5
35061,NM,"Valencia, NM",7.2
36000,NY,New York,7
36001,NY,"Albany, NY",4.4
36003,NY,"Allegany, NY",5
36005,NY,"Bronx, NY",13.8
36007,NY,"Broome, NY",5.3
36009,NY,"Cattaraugus, NY",5.3
36011,NY,"Cayuga, NY",4.7
36013,NY,"Chautauqua, NY",5.6
36015,NY,"Chemung, NY",5.3
36017,NY,"Chenango, NY",4.4
36019,NY,"Clinton, NY",4.7
36021,NY,"Columbia, NY",3.9
36023,NY,"Cortland, NY",5.1
36025,NY,"Delaware, NY",4.7
36027,NY,"Dutchess, NY",4.5
36029,NY,"Erie, NY",5.4
36031,NY,"Essex, NY",4.8
36033,NY,"Franklin, NY",4.8
36035,NY,"Fulton, NY",5.5
36037,NY,"Genesee, NY",4.3
36039,NY,"Greene, NY",5
36041,NY,"Hamilton, NY",4.5
36043,NY,"Herkimer, NY",5.8
36045,NY,"Jefferson, NY",5.1
36047,NY,"Kings, NY",10.3
36049,NY,"Lewis, NY",5.1
36051,NY,"Livingston, NY",4.4
36053,NY,"Madison, NY",4.6
36055,NY,"Monroe, NY",5.2
36057,NY,"Montgomery, NY",5.7
36059,NY,"Nassau, NY",4.5
36061,NY,"New York, NY",7.7
36063,NY,"Niagara, NY",5.6
36065,NY,"Oneida, NY",5.1
36067,NY,"Onondaga, NY",4.9
36069,NY,"Ontario, NY",4.3
36071,NY,"Orange, NY",4.7
36073,NY,"Orleans, NY",5.2
36075,NY,"Oswego, NY",5.5
36077,NY,"Otsego, NY",4.5
36079,NY,"Putnam, NY",4.2
36081,NY,"Queens, NY",9.8
36083,NY,"Rensselaer, NY",4.4
36085,NY,"Richmond, NY",8.9
36087,NY,"Rockland, NY",4.4
36089,NY,"St. Lawrence, NY",5.2
36091,NY,"Saratoga, NY",3.8
36093,NY,"Schenectady, NY",4.9
36095,NY,"Schoharie, NY",4.6
36097,NY,"Schuyler, NY",4.9
36099,NY,"Seneca, NY",4.7
36101,NY,"Steuben, NY",5
36103,NY,"Suffolk, NY",4.6
36105,NY,"Sullivan, NY",4.9
36107,NY,"Tioga, NY",4.5
36109,NY,"Tompkins, NY",3.8
36111,NY,"Ulster, NY",4.7
36113,NY,"Warren, NY",4.9
36115,NY,"Washington, NY",4.6
36117,NY,"Wayne, NY",4.5
36119,NY,"Westchester, NY",4.8
36121,NY,"Wyoming, NY",4.5
36123,NY,"Yates, NY",3.9
37000,NC,North Carolina,4.9
37001,NC,"Alamance, NC",4.9
37003,NC,"Alexander, NC",4.3
37005,NC,"Alleghany, NC",4.7
37007,NC,"Anson, NC",6.4
37009,NC,"Ashe, NC",4.1
37011,NC,"Avery, NC",4.1
37013,NC,"Beaufort, NC",4.9
37015,NC,"Bertie, NC",6.1
37017,NC,"Bladen, NC",5.9
37019,NC,"Brunswick, NC",6.1
37021,NC,"Buncombe, NC",4.2
37023,NC,"Burke, NC",4.6
37025,NC,"Cabarrus, NC",4.4
37027,NC,"Caldwell, NC",5
37029,NC,"Camden, NC",4.1
37031,NC,"Carteret, NC",4.2
37033,NC,"Caswell, NC",5.4
37035,NC,"Catawba, NC",4.7
37037,NC,"Chatham, NC",3.7
37039,NC,"Cherokee, NC",5.1
37041,NC,"Chowan, NC",5.1
37043,NC,"Clay, NC",5.1
37045,NC,"Cleveland, NC",5.4
37047,NC,"Columbus, NC",6.3
37049,NC,"Craven, NC",4.8
37051,NC,"Cumberland, NC",6.9
37053,NC,"Currituck, NC",4.2
37055,NC,"Dare, NC",5.9
37057,NC,"Davidson, NC",4.6
37059,NC,"Davie, NC",4.4
37061,NC,"Duplin, NC",4.5
37063,NC,"Durham, NC",4.3
37065,NC,"Edgecombe, NC",8.4
37067,NC,"Forsyth, NC",5
37069,NC,"Franklin, NC",4.8
37071,NC,"Gaston, NC",5.2
37073,NC,"Gates, NC",4.4
37075,NC,"Graham, NC",6.9
37077,NC,"Granville, NC",4.1
37079,NC,"Greene, NC",4.2
37081,NC,"Guilford, NC",5.7
37083,NC,"Halifax, NC",7.5
37085,NC,"Harnett, NC",5.4
37087,NC,"Haywood, NC",4.3
37089,NC,"Henderson, NC",4.2
37091,NC,"Hertford, NC",6.6
37093,NC,"Hoke, NC",6.5
37095,NC,"Hyde, NC",6.6
37097,NC,"Iredell, NC",4.7
37099,NC,"Jackson, NC",4.6
37101,NC,"Johnston, NC",4.3
37103,NC,"Jones, NC",4.3
37105,NC,"Lee, NC",5.5
37107,NC,"Lenoir, NC",5.1
37109,NC,"Lincoln, NC",4.1
37111,NC,"McDowell, NC",4.6
37113,NC,"Macon, NC",4.3
37115,NC,"Madison, NC",4.4
37117,NC,"Martin, NC",5.7
37119,NC,"Mecklenburg, NC",4.9
37121,NC,"Mitchell, NC",5.2
37123,NC,"Montgomery, NC",4.8
37125,NC,"Moore, NC",4.7
37127,NC,"Nash, NC",6.3
37129,NC,"New Hanover, NC",4.3
37131,NC,"Northampton, NC",6.3
37133,NC,"Onslow, NC",5.2
37135,NC,"Orange, NC",3.6
37137,NC,"Pamlico, NC",4.4
37139,NC,"Pasquotank, NC",5.5
37141,NC,"Pender, NC",4.3
37143,NC,"Perquimans, NC",5.5
37145,NC,"Person, NC",5.2
37147,NC,"Pitt, NC",5.3
37149,NC,"Polk, NC",4.8
37151,NC,"Randolph, NC",4.8
37153,NC,"Richmond, NC",7.3
37155,NC,"Robeson, NC",7.6
37157,NC,"Rockingham, NC",5.6
37159,NC,"Rowan, NC",5.1
37161,NC,"Rutherford, NC",6.5
37163,NC,"Sampson, NC",4.6
37165,NC,"Scotland, NC",9.5
37167,NC,"Stanly, NC",4.4
37169,NC,"Stokes, NC",4.3
37171,NC,"Surry, NC",4.5
37173,NC,"Swain, NC",4.6
37175,NC,"Transylvania, NC",4.2
37177,NC,"Tyrrell, NC",6.9
37179,NC,"Union, NC",4
37181,NC,"Vance, NC",7.9
37183,NC,"Wake, NC",4.1
37185,NC,"Warren, NC",7.8
37187,NC,"Washington, NC",7
37189,NC,"Watauga, NC",3.8
37191,NC,"Wayne, NC",5.1
37193,NC,"Wilkes, NC",4.8
37195,NC,"Wilson, NC",6.8
37197,NC,"Yadkin, NC",4.3
37199,NC,"Yancey, NC",4.4
38000,ND,North Dakota,3.1
38001,ND,"Adams, ND",2.9
38003,ND,"Barnes, ND",2.6
38005,ND,"Benson, ND",4.2
38007,ND,"Billings, ND",2.4
38009,ND,"Bottineau, ND",4
38011,ND,"Bowman, ND",2.1
38013,ND,"Burke, ND",3.6
38015,ND,"Burleigh, ND",2.6
38017,ND,"Cass, ND",2.4
38019,ND,"Cavalier, ND",2.6
38021,ND,"Dickey, ND",2.3
38023,ND,"Divide, ND",2.1
38025,ND,"Dunn, ND",2.8
38027,ND,"Eddy, ND",3.3
38029,ND,"Emmons, ND",3.9
38031,ND,"Foster, ND",2.4
38033,ND,"Golden Valley, ND",2.3
38035,ND,"Grand Forks, ND",2.7
38037,ND,"Grant, ND",2.2
38039,ND,"Griggs, ND",2.4
38041,ND,"Hettinger, ND",2.7
38043,ND,"Kidder, ND",4.3
38045,ND,"LaMoure, ND",1.9
38047,ND,"Logan, ND",2.5
38049,ND,"McHenry, ND",3.6
38051,ND,"McIntosh, ND",2.9
38053,ND,"McKenzie, ND",4.5
38055,ND,"McLean, ND",3.1
38057,ND,"Mercer, ND",3.9
38059,ND,"Morton, ND",3.2
38061,ND,"Mountrail, ND",2.9
38063,ND,"Nelson, ND",3.1
38065,ND,"Oliver, ND",3.3
38067,ND,"Pembina, ND",4
38069,ND,"Pierce, ND",2.8
38071,ND,"Ramsey, ND",2.7
38073,ND,"Ransom, ND",2.2
38075,ND,"Renville, ND",2.8
38077,ND,"Richland, ND",2.3
38079,ND,"Rolette, ND",8.7
38081,ND,"Sargent, ND",2.3
38083,ND,"Sheridan, ND",4.3
38085,ND,"Sioux, ND",3
38087,ND,"Slope, ND",2.5
38089,ND,"Stark, ND",3.9
38091,ND,"Steele, ND",2.4
38093,ND,"Stutsman, ND",2.5
38095,ND,"Towner, ND",2.8
38097,ND,"Traill, ND",2.5
38099,ND,"Walsh, ND",3.8
38101,ND,"Ward, ND",3.6
38103,ND,"Wells, ND",3.5
38105,ND,"Williams, ND",5.4
39000,OH,Ohio,5.1
39001,OH,"Adams, OH",6.4
39003,OH,"Allen, OH",5.8
39005,OH,"Ashland, OH",4.4
39007,OH,"Ashtabula, OH",5.5
39009,OH,"Athens, OH",5.6
39011,OH,"Auglaize, OH",3.7
39013,OH,"Belmont, OH",6.2
39015,OH,"Brown, OH",5.4
39017,OH,"Butler, OH",4.5
39019,OH,"Carroll, OH",5.7
39021,OH,"Champaign, OH",4.5
39023,OH,"Clark, OH",5.3
39025,OH,"Clermont, OH",4.4
39027,OH,"Clinton, OH",5.5
39029,OH,"Columbiana, OH",5.8
39031,OH,"Coshocton, OH",5.9
39033,OH,"Crawford, OH",5.9
39035,OH,"Cuyahoga, OH",6.3
39037,OH,"Darke, OH",3.9
39039,OH,"Defiance, OH",4.7
39041,OH,"Delaware, OH",3.6
39043,OH,"Erie, OH",6.4
39045,OH,"Fairfield, OH",4.4
39047,OH,"Fayette, OH",4.8
39049,OH,"Franklin, OH",5
39051,OH,"Fulton, OH",4.8
39053,OH,"Gallia, OH",5.7
39055,OH,"Geauga, OH",4.1
39057,OH,"Greene, OH",4.4
39059,OH,"Guernsey, OH",5.6
39061,OH,"Hamilton, OH",4.9
39063,OH,"Hancock, OH",4.2
39065,OH,"Hardin, OH",5.2
39067,OH,"Harrison, OH",6.2
39069,OH,"Henry, OH",5.2
39071,OH,"Highland, OH",5.8
39073,OH,"Hocking, OH",4.9
39075,OH,"Holmes, OH",2.8
39077,OH,"Huron, OH",5.9
39079,OH,"Jackson, OH",6.2
39081,OH,"Jefferson, OH",6.5
39083,OH,"Knox, OH",4.1
39085,OH,"Lake, OH",5
39087,OH,"Lawrence, OH",5.2
39089,OH,"Licking, OH",4.1
39091,OH,"Logan, OH",4.2
39093,OH,"Lorain, OH",5.6
39095,OH,"Lucas, OH",6.2
39097,OH,"Madison, OH",3.9
39099,OH,"Mahoning, OH",6.3
39101,OH,"Marion, OH",4.8
39103,OH,"Medina, OH",4.2
39105,OH,"Meigs, OH",6.6
39107,OH,"Mercer, OH",3.2
39109,OH,"Miami, OH",4.3
39111,OH,"Monroe, OH",7.4
39113,OH,"Montgomery, OH",5.6
39115,OH,"Morgan, OH",6.3
39117,OH,"Morrow, OH",4.6
39119,OH,"Muskingum, OH",5.1
39121,OH,"Noble, OH",6.8
39123,OH,"Ottawa, OH",6.1
39125,OH,"Paulding, OH",4.3
39127,OH,"Perry, OH",5.6
39129,OH,"Pickaway, OH",4.5
39131,OH,"Pike, OH",6.3
39133,OH,"Portage, OH",4.8
39135,OH,"Preble, OH",4.1
39137,OH,"Putnam, OH",3.4
39139,OH,"Richland, OH",5.6
39141,OH,"Ross, OH",4.9
39143,OH,"Sandusky, OH",5.3
39145,OH,"Scioto, OH",6.2
39147,OH,"Seneca, OH",4.8
39149,OH,"Shelby, OH",4.2
39151,OH,"Stark, OH",5.2
39153,OH,"Summit, OH",5.5
39155,OH,"Trumbull, OH",6.4
39157,OH,"Tuscarawas, OH",4.7
39159,OH,"Union, OH",3.6
39161,OH,"Van Wert, OH",4
39163,OH,"Vinton, OH",6.2
39165,OH,"Warren, OH",4
39167,OH,"Washington, OH",5.6
39169,OH,"Wayne, OH",3.6
39171,OH,"Williams, OH",4.3
39173,OH,"Wood, OH",4.3
39175,OH,"Wyandot, OH",3.5
40000,OK,Oklahoma,4
40001,OK,"Adair, OK",3.8
40003,OK,"Alfalfa, OK",2.5
40005,OK,"Atoka, OK",5
40007,OK,"Beaver, OK",1.8
40009,OK,"Beckham, OK",4.5
40011,OK,"Blaine, OK",3.1
40013,OK,"Bryan, OK",3.4
40015,OK,"Caddo, OK",3.9
40017,OK,"Canadian, OK",3.4
40019,OK,"Carter, OK",4.6
40021,OK,"Cherokee, OK",4.3
40023,OK,"Choctaw, OK",5.4
40025,OK,"Cimarron, OK",1.9
40027,OK,"Cleveland, OK",3.4
40029,OK,"Coal, OK",4.7
40031,OK,"Comanche, OK",4.3
40033,OK,"Cotton, OK",4.3
40035,OK,"Craig, OK",3.8
40037,OK,"Creek, OK",4.4
40039,OK,"Custer, OK",3.4
40041,OK,"Delaware, OK",3.5
40043,OK,"Dewey, OK",2.9
40045,OK,"Ellis, OK",2.9
40047,OK,"Garfield, OK",3.6
40049,OK,"Garvin, OK",3.9
40051,OK,"Grady, OK",3.6
40053,OK,"Grant, OK",2.6
40055,OK,"Greer, OK",5.2
40057,OK,"Harmon, OK",2.7
40059,OK,"Harper, OK",2.6
40061,OK,"Haskell, OK",5.5
40063,OK,"Hughes, OK",5.3
40065,OK,"Jackson, OK",3
40067,OK,"Jefferson, OK",4.1
40069,OK,"Johnston, OK",4.8
40071,OK,"Kay, OK",4.5
40073,OK,"Kingfisher, OK",2.7
40075,OK,"Kiowa, OK",3.6
40077,OK,"Latimer, OK",7.5
40079,OK,"Le Flore, OK",4.8
40081,OK,"Lincoln, OK",3.7
40083,OK,"Logan, OK",3.4
40085,OK,"Love, OK",2.8
40087,OK,"McClain, OK",3.3
40089,OK,"McCurtain, OK",4.6
40091,OK,"McIntosh, OK",6.3
40093,OK,"Major, OK",3.2
40095,OK,"Marshall, OK",3.8
40097,OK,"Mayes, OK",3.9
40099,OK,"Murray, OK",4.1
40101,OK,"Muskogee, OK",4.5
40103,OK,"Noble, OK",2.7
40105,OK,"Nowata, OK",3.7
40107,OK,"Okfuskee, OK",5.1
40109,OK,"Oklahoma, OK",4.2
40111,OK,"Okmulgee, OK",5.4
40113,OK,"Osage, OK",4.4
40115,OK,"Ottawa, OK",3.4
40117,OK,"Pawnee, OK",4.3
40119,OK,"Payne, OK",3.4
40121,OK,"Pittsburg, OK",5.5
40123,OK,"Pontotoc, OK",3.5
40125,OK,"Pottawatomie, OK",4
40127,OK,"Pushmataha, OK",4.4
40129,OK,"Roger Mills, OK",3
40131,OK,"Rogers, OK",3.7
40133,OK,"Seminole, OK",5.3
40135,OK,"Sequoyah, OK",4.5
40137,OK,"Stephens, OK",4.7
40139,OK,"Texas, OK",1.9
40141,OK,"Tillman, OK",4.5
40143,OK,"Tulsa, OK",4.2
40145,OK,"Wagoner, OK",3.7
40147,OK,"Washington, OK",4
40149,OK,"Washita, OK",4.5
40151,OK,"Woods, OK",2.2
40153,OK,"Woodward, OK",4.4
41000,OR,Oregon,5.2
41001,OR,"Baker, OR",5.2
41003,OR,"Benton, OR",4
41005,OR,"Clackamas, OR",4.9
41007,OR,"Clatsop, OR",5.9
41009,OR,"Columbia, OR",5.7
41011,OR,"Coos, OR",6.3
41013,OR,"Crook, OR",6.7
41015,OR,"Curry, OR",6.6
41017,OR,"Deschutes, OR",5.3
41019,OR,"Douglas, OR",5.9
41021,OR,"Gilliam, OR",4.8
41023,OR,"Grant, OR",6.7
41025,OR,"Harney, OR",5.2
41027,OR,"Hood River, OR",4.5
41029,OR,"Jackson, OR",5.5
41031,OR,"Jefferson, OR",6.4
41033,OR,"Josephine, OR",6.2
41035,OR,"Klamath, OR",6.7
41037,OR,"Lake, OR",5.5
41039,OR,"Lane, OR",5.5
41041,OR,"Lincoln, OR",6.7
41043,OR,"Linn, OR",5.6
41045,OR,"Malheur, OR",4.4
41047,OR,"Marion, OR",5.1
41049,OR,"Morrow, OR",4.7
41051,OR,"Multnomah, OR",5.5
41053,OR,"Polk, OR",4.9
41055,OR,"Sherman, OR",4.4
41057,OR,"Tillamook, OR",5.5
41059,OR,"Umatilla, OR",5.3
41061,OR,"Union, OR",5.6
41063,OR,"Wallowa, OR",5.5
41065,OR,"Wasco, OR",5.2
41067,OR,"Washington, OR",4.4
41069,OR,"Wheeler, OR",3.3
41071,OR,"Yamhill, OR",4.8
42000,PA,Pennsylvania,6
42001,PA,"Adams, PA",4.2
42003,PA,"Allegheny, PA",5.8
42005,PA,"Armstrong, PA",7.2
42007,PA,"Beaver, PA",6.8
42009,PA,"Bedford, PA",5.7
42011,PA,"Berks, PA",6.2
42013,PA,"Blair, PA",5.7
42015,PA,"Bradford, PA",5.3
42017,PA,"Bucks, PA",5
42019,PA,"Butler, PA",5.4
42021,PA,"Cambria, PA",6.7
42023,PA,"Cameron, PA",7.3
42025,PA,"Carbon, PA",6.4
42027,PA,"Centre, PA",4.4
42029,PA,"Chester, PA",4
42031,PA,"Clarion, PA",6.2
42033,PA,"Clearfield, PA",6.7
42035,PA,"Clinton, PA",6.4
42037,PA,"Columbia, PA",5.6
42039,PA,"Crawford, PA",6.3
42041,PA,"Cumberland, PA",4.4
42043,PA,"Dauphin, PA",6
42045,PA,"Delaware, PA",5.9
42047,PA,"Elk, PA",6.5
42049,PA,"Erie, PA",6.9
42051,PA,"Fayette, PA",8.2
42053,PA,"Forest, PA",7.9
42055,PA,"Franklin, PA",4.9
42057,PA,"Fulton, PA",6
42059,PA,"Greene, PA",6.9
42061,PA,"Huntingdon, PA",6.9
42063,PA,"Indiana, PA",6.7
42065,PA,"Jefferson, PA",6.2
42067,PA,"Juniata, PA",4.8
42069,PA,"Lackawanna, PA",6.5
42071,PA,"Lancaster, PA",4.7
42073,PA,"Lawrence, PA",7.2
42075,PA,"Lebanon, PA",5.2
42077,PA,"Lehigh, PA",6.4
42079,PA,"Luzerne, PA",7.7
42081,PA,"Lycoming, PA",6.4
42083,PA,"McKean, PA",6.5
42085,PA,"Mercer, PA",6.7
42087,PA,"Mifflin, PA",5.8
42089,PA,"Monroe, PA",7.2
42091,PA,"Montgomery, PA",4.7
42093,PA,"Montour, PA",4.2
42095,PA,"Northampton, PA",5.7
42097,PA,"Northumberland, PA",6.4
42099,PA,"Perry, PA",4.5
42101,PA,"Philadelphia/city, PA",8.5
42103,PA,"Pike, PA",6.9
42105,PA,"Potter, PA",6.5
42107,PA,"Schuylkill, PA",6.4
42109,PA,"Snyder, PA",5
42111,PA,"Somerset, PA",6.4
42113,PA,"Sullivan, PA",7
42115,PA,"Susquehanna, PA",5.2
42117,PA,"Tioga, PA",6.3
42119,PA,"Union, PA",4.5
42121,PA,"Venango, PA",6.5
42123,PA,"Warren, PA",6.4
42125,PA,"Washington, PA",6.3
42127,PA,"Wayne, PA",6.3
42129,PA,"Westmoreland, PA",6
42131,PA,"Wyoming, PA",6
42133,PA,"York, PA",5.2
44000,RI,Rhode Island,5.5
44001,RI,"Bristol, RI",4.7
44003,RI,"Kent, RI",5.1
44005,RI,"Newport, RI",4.9
44007,RI,"Providence, RI",5.9
44009,RI,"Washington, RI",4.8
45000,SC,South Carolina,3.9
45001,SC,"Abbeville, SC",4.5
45003,SC,"Aiken, SC",3.4
45005,SC,"Allendale, SC",7.6
45007,SC,"Anderson, SC",3.7
45009,SC,"Bamberg, SC",7.3
45011,SC,"Barnwell, SC",6.3
45013,SC,"Beaufort, SC",3.4
45015,SC,"Berkeley, SC",3.6
45017,SC,"Calhoun, SC",4.5
45019,SC,"Charleston, SC",3.6
45021,SC,"Cherokee, SC",4.9
45023,SC,"Chester, SC",5.7
45025,SC,"Chesterfield, SC",4.4
45027,SC,"Clarendon, SC",4.8
45029,SC,"Colleton, SC",4.3
45031,SC,"Darlington, SC",4.5
45033,SC,"Dillon, SC",5.7
45035,SC,"Dorchester, SC",3.6
45037,SC,"Edgefield, SC",3.4
45039,SC,"Fairfield, SC",5.7
45041,SC,"Florence, SC",4
45043,SC,"Georgetown, SC",4.7
45045,SC,"Greenville, SC",3.4
45047,SC,"Greenwood, SC",4.5
45049,SC,"Hampton, SC",3.5
45051,SC,"Horry, SC",5
45053,SC,"Jasper, SC",3.4
45055,SC,"Kershaw, SC",3.7
45057,SC,"Lancaster, SC",4.3
45059,SC,"Laurens, SC",4.2
45061,SC,"Lee, SC",5.4
45063,SC,"Lexington, SC",3
45065,SC,"McCormick, SC",4.7
45067,SC,"Marion, SC",6.4
45069,SC,"Marlboro, SC",7.4
45071,SC,"Newberry, SC",3.3
45073,SC,"Oconee, SC",3.6
45075,SC,"Orangeburg, SC",6.9
45077,SC,"Pickens, SC",3.5
45079,SC,"Richland, SC",4.1
45081,SC,"Saluda, SC",3.1
45083,SC,"Spartanburg, SC",3.9
45085,SC,"Sumter, SC",4.5
45087,SC,"Union, SC",6.3
45089,SC,"Williamsburg, SC",6
45091,SC,"York, SC",3.6
46000,SD,South Dakota,2.6
46003,SD,"Aurora, SD",2
46005,SD,"Beadle, SD",2.4
46007,SD,"Bennett, SD",3.6
46009,SD,"Bon Homme, SD",2.4
46011,SD,"Brookings, SD",2.7
46013,SD,"Brown, SD",2.6
46015,SD,"Brule, SD",2.1
46017,SD,"Buffalo, SD",4.6
46019,SD,"Butte, SD",2.9
46021,SD,"Campbell, SD",2.7
46023,SD,"Charles Mix, SD",3.2
46025,SD,"Clark, SD",3.2
46027,SD,"Clay, SD",2.5
46029,SD,"Codington, SD",2.6
46031,SD,"Corson, SD",4
46033,SD,"Custer, SD",3.4
46035,SD,"Davison, SD",2.4
46037,SD,"Day, SD",3.6
46039,SD,"Deuel, SD",3.6
46041,SD,"Dewey, SD",4.9
46043,SD,"Douglas, SD",2.1
46045,SD,"Edmunds, SD",2.2
46047,SD,"Fall River, SD",3.4
46049,SD,"Faulk, SD",2.3
46051,SD,"Grant, SD",2.9
46053,SD,"Gregory, SD",2.4
46055,SD,"Haakon, SD",2.4
46057,SD,"Hamlin, SD",2.2
46059,SD,"Hand, SD",2.1
46061,SD,"Hanson, SD",3.4
46063,SD,"Harding, SD",2.4
46065,SD,"Hughes, SD",2.1
46067,SD,"Hutchinson, SD",2.7
46069,SD,"Hyde, SD",2.3
46071,SD,"Jackson, SD",3.8
46073,SD,"Jerauld, SD",1.7
46075,SD,"Jones, SD",2.7
46077,SD,"Kingsbury, SD",2.5
46079,SD,"Lake, SD",2.6
46081,SD,"Lawrence, SD",2.6
46083,SD,"Lincoln, SD",2.1
46085,SD,"Lyman, SD",3.8
46087,SD,"McCook, SD",2.4
46089,SD,"McPherson, SD",3.5
46091,SD,"Marshall, SD",3
46093,SD,"Meade, SD",2.6
46095,SD,"Mellette, SD",3.9
46097,SD,"Miner, SD",2.7
46099,SD,"Minnehaha, SD",2.4
46101,SD,"Moody, SD",2.4
46102,SD,"Oglala Lakota, SD",7.4
46103,SD,"Pennington, SD",2.7
46105,SD,"Perkins, SD",2.6
46107,SD,"Potter, SD",2.6
46109,SD,"Roberts, SD",3.9
46111,SD,"Sanborn, SD",2.6
46115,SD,"Spink, SD",2.7
46117,SD,"Stanley, SD",2.5
46119,SD,"Sully, SD",3.2
46121,SD,"Todd, SD",4.1
46123,SD,"Tripp, SD",2
46125,SD,"Turner, SD",2.3
46127,SD,"Union, SD",3
46129,SD,"Walworth, SD",4.7
46135,SD,"Yankton, SD",2.3
46137,SD,"Ziebach, SD",3.9
47000,TN,Tennessee,4.5
47001,TN,"Anderson, TN",4
47003,TN,"Bedford, TN",4.3
47005,TN,"Benton, TN",5
47007,TN,"Bledsoe, TN",5.5
47009,TN,"Blount, TN",3.6
47011,TN,"Bradley, TN",4.3
47013,TN,"Campbell, TN",5
47015,TN,"Cannon, TN",3.6
47017,TN,"Carroll, TN",4.7
47019,TN,"Carter, TN",4.4
47021,TN,"Cheatham, TN",3.3
47023,TN,"Chester, TN",3.4
47025,TN,"Claiborne, TN",4.3
47027,TN,"Clay, TN",5.5
47029,TN,"Cocke, TN",5.8
47031,TN,"Coffee, TN",4.3
47033,TN,"Crockett, TN",3.7
47035,TN,"Cumberland, TN",5
47037,TN,"Davidson, TN",4.4
47039,TN,"Decatur, TN",6
47041,TN,"DeKalb, TN",4.7
47043,TN,"Dickson, TN",3.6
47045,TN,"Dyer, TN",4.8
47047,TN,"Fayette, TN",4.3
47049,TN,"Fentress, TN",4.2
47051,TN,"Franklin, TN",4.1
47053,TN,"Gibson, TN",4.5
47055,TN,"Giles, TN",4.5
47057,TN,"Grainger, TN",4.5
47059,TN,"Greene, TN",4.6
47061,TN,"Grundy, TN",5.8
47063,TN,"Hamblen, TN",4.2
47065,TN,"Hamilton, TN",4.3
47067,TN,"Hancock, TN",5
47069,TN,"Hardeman, TN",6.3
47071,TN,"Hardin, TN",4.7
47073,TN,"Hawkins, TN",4.7
47075,TN,"Haywood, TN",6.1
47077,TN,"Henderson, TN",4.6
47079,TN,"Henry, TN",4.3
47081,TN,"Hickman, TN",3.7
47083,TN,"Houston, TN",5.1
47085,TN,"Humphreys, TN",4.1
47087,TN,"Jackson, TN",4.6
47089,TN,"Jefferson, TN",4.3
47091,TN,"Johnson, TN",3.7
47093,TN,"Knox, TN",3.4
47095,TN,"Lake, TN",6.1
47097,TN,"Lauderdale, TN",6.2
47099,TN,"Lawrence, TN",4.5
47101,TN,"Lewis, TN",5
47103,TN,"Lincoln, TN",4.2
47105,TN,"Loudon, TN",3.6
47107,TN,"McMinn, TN",4.8
47109,TN,"McNairy, TN",5.6
47111,TN,"Macon, TN",3.9
47113,TN,"Madison, TN",4.7
47115,TN,"Marion, TN",4.6
47117,TN,"Marshall, TN",4.8
47119,TN,"Maury, TN",5
47121,TN,"Meigs, TN",5.1
47123,TN,"Monroe, TN",4
47125,TN,"Montgomery, TN",4.7
47127,TN,"Moore, TN",2.8
47129,TN,"Morgan, TN",4.6
47131,TN,"Obion, TN",4.9
47133,TN,"Overton, TN",3.8
47135,TN,"Perry, TN",7.6
47137,TN,"Pickett, TN",4
47139,TN,"Polk, TN",4.4
47141,TN,"Putnam, TN",3.9
47143,TN,"Rhea, TN",5.1
47145,TN,"Roane, TN",4.2
47147,TN,"Robertson, TN",3.5
47149,TN,"Rutherford, TN",3.6
47151,TN,"Scott, TN",5.3
47153,TN,"Sequatchie, TN",4.7
47155,TN,"Sevier, TN",4.1
47157,TN,"Shelby, TN",7
47159,TN,"Smith, TN",3.5
47161,TN,"Stewart, TN",4.3
47163,TN,"Sullivan, TN",4.4
47165,TN,"Sumner, TN",3.5
47167,TN,"Tipton, TN",4.5
47169,TN,"Trousdale, TN",3.9
47171,TN,"Unicoi, TN",5.1
47173,TN,"Union, TN",4.2
47175,TN,"Van Buren, TN",5.2
47177,TN,"Warren, TN",5
47179,TN,"Washington, TN",3.8
47181,TN,"Wayne, TN",4.3
47183,TN,"Weakley, TN",4
47185,TN,"White, TN",4.1
47187,TN,"Williamson, TN",2.6
47189,TN,"Wilson, TN",3.4
48000,TX,Texas,5.6
48001,TX,"Anderson, TX",4.9
48003,TX,"Andrews, TX",5.7
48005,TX,"Angelina, TX",6.4
48007,TX,"Aransas, TX",7.2
48009,TX,"Archer, TX",4.3
48011,TX,"Armstrong, TX",3.7
48013,TX,"Atascosa, TX",6.1
48015,TX,"Austin, TX",5.5
48017,TX,"Bailey, TX",5
48019,TX,"Bandera, TX",4.8
48021,TX,"Bastrop, TX",4.5
48023,TX,"Baylor, TX",3.4
48025,TX,"Bee, TX",8.5
48027,TX,"Bell, TX",5.8
48029,TX,"Bexar, TX",5.3
48031,TX,"Blanco, TX",3.4
48033,TX,"Borden, TX",2.3
48035,TX,"Bosque, TX",4.6
48037,TX,"Bowie, TX",5.9
48039,TX,"Brazoria, TX",6.8
48041,TX,"Brazos, TX",4.1
48043,TX,"Brewster, TX",4.6
48045,TX,"Briscoe, TX",4.8
48047,TX,"Brooks, TX",9.1
48049,TX,"Brown, TX",5.2
48051,TX,"Burleson, TX",4.9
48053,TX,"Burnet, TX",3.8
48055,TX,"Caldwell, TX",4.9
48057,TX,"Calhoun, TX",4.9
48059,TX,"Callahan, TX",4.7
48061,TX,"Cameron, TX",8
48063,TX,"Camp, TX",5.9
48065,TX,"Carson, TX",3.9
48067,TX,"Cass, TX",6.6
48069,TX,"Castro, TX",3.6
48071,TX,"Chambers, TX",8.1
48073,TX,"Cherokee, TX",6.4
48075,TX,"Childress, TX",3.7
48077,TX,"Clay, TX",5
48079,TX,"Cochran, TX",6.3
48081,TX,"Coke, TX",4.8
48083,TX,"Coleman, TX",6
48085,TX,"Collin, TX",4.4
48087,TX,"Collingsworth, TX",4.5
48089,TX,"Colorado, TX",4.8
48091,TX,"Comal, TX",4.6
48093,TX,"Comanche, TX",4.6
48095,TX,"Concho, TX",4.3
48097,TX,"Cooke, TX",5.1
48099,TX,"Coryell, TX",5.7
48101,TX,"Cottle, TX",4.5
48103,TX,"Crane, TX",9.3
48105,TX,"Crockett, TX",6.6
48107,TX,"Crosby, TX",5.6
48109,TX,"Culberson, TX",4.8
48111,TX,"Dallam, TX",2.7
48113,TX,"Dallas, TX",5.6
48115,TX,"Dawson, TX",6.8
48117,TX,"Deaf Smith, TX",3.7
48119,TX,"Delta, TX",4.9
48121,TX,"Denton, TX",4.4
48123,TX,"DeWitt, TX",4.9
48125,TX,"Dickens, TX",5.2
48127,TX,"Dimmit, TX",5.6
48129,TX,"Donley, TX",4.2
48131,TX,"Duval, TX",8
48133,TX,"Eastland, TX",5.7
48135,TX,"Ector, TX",8
48137,TX,"Edwards, TX",4.3
48139,TX,"Ellis, TX",4.5
48141,TX,"El Paso, TX",6.2
48143,TX,"Erath, TX",4.5
48145,TX,"Falls, TX",5.3
48147,TX,"Fannin, TX",4.1
48149,TX,"Fayette, TX",4.3
48151,TX,"Fisher, TX",4.2
48153,TX,"Floyd, TX",5.7
48155,TX,"Foard, TX",3.4
48157,TX,"Fort Bend, TX",5.9
48159,TX,"Franklin, TX",4.4
48161,TX,"Freestone, TX",7.2
48163,TX,"Frio, TX",4.8
48165,TX,"Gaines, TX",4.6
48167,TX,"Galveston, TX",6.6
48169,TX,"Garza, TX",4.9
48171,TX,"Gillespie, TX",3.4
48173,TX,"Glasscock, TX",3.1
48175,TX,"Goliad, TX",6.5
48177,TX,"Gonzales, TX",4.3
48179,TX,"Gray, TX",6.6
48181,TX,"Grayson, TX",4.7
48183,TX,"Gregg, TX",6.4
48185,TX,"Grimes, TX",6.6
48187,TX,"Guadalupe, TX",4.5
48189,TX,"Hale, TX",6.1
48191,TX,"Hall, TX",5.5
48193,TX,"Hamilton, TX",4.1
48195,TX,"Hansford, TX",3.1
48197,TX,"Hardeman, TX",4.3
48199,TX,"Hardin, TX",7.9
48201,TX,"Harris, TX",6.4
48203,TX,"Harrison, TX",6.6
48205,TX,"Hartley, TX",2.2
48207,TX,"Haskell, TX",4
48209,TX,"Hays, TX",4.1
48211,TX,"Hemphill, TX",4.4
48213,TX,"Henderson, TX",5.2
48215,TX,"Hidalgo, TX",9.1
48217,TX,"Hill, TX",5
48219,TX,"Hockley, TX",5.9
48221,TX,"Hood, TX",5.2
48223,TX,"Hopkins, TX",4.4
48225,TX,"Houston, TX",4.9
48227,TX,"Howard, TX",6.4
48229,TX,"Hudspeth, TX",5.7
48231,TX,"Hunt, TX",5.2
48233,TX,"Hutchinson, TX",5.9
48235,TX,"Irion, TX",4.8
48237,TX,"Jack, TX",5.5
48239,TX,"Jackson, TX",5
48241,TX,"Jasper, TX",9.6
48243,TX,"Jeff Davis, TX",4.3
48245,TX,"Jefferson, TX",9.8
48247,TX,"Jim Hogg, TX",8.7
48249,TX,"Jim Wells, TX",9.9
48251,TX,"Johnson, TX",4.9
48253,TX,"Jones, TX",6.1
48255,TX,"Karnes, TX",5.2
48257,TX,"Kaufman, TX",4.9
48259,TX,"Kendall, TX",3.9
48261,TX,"Kenedy, TX",5.9
48263,TX,"Kent, TX",2.9
48265,TX,"Kerr, TX",4.6
48267,TX,"Kimble, TX",4.2
48269,TX,"King, TX",0.9
48271,TX,"Kinney, TX",5.6
48273,TX,"Kleberg, TX",7
48275,TX,"Knox, TX",4.7
48277,TX,"Lamar, TX",5.5
48279,TX,"Lamb, TX",5
48281,TX,"Lampasas, TX",4.9
48283,TX,"La Salle, TX",4.3
48285,TX,"Lavaca, TX",4.5
48287,TX,"Lee, TX",4.4
48289,TX,"Leon, TX",7
48291,TX,"Liberty, TX",9
48293,TX,"Limestone, TX",6.2
48295,TX,"Lipscomb, TX",3.8
48297,TX,"Live Oak, TX",6.7
48299,TX,"Llano, TX",4.9
48301,TX,"Loving, TX",1
48303,TX,"Lubbock, TX",4.6
48305,TX,"Lynn, TX",4.3
48307,TX,"McCulloch, TX",6.4
48309,TX,"McLennan, TX",4.8
48311,TX,"McMullen, TX",2.3
48313,TX,"Madison, TX",6.2
48315,TX,"Marion, TX",6.8
48317,TX,"Martin, TX",4.8
48319,TX,"Mason, TX",4.8
48321,TX,"Matagorda, TX",8.1
48323,TX,"Maverick, TX",12.3
48325,TX,"Medina, TX",5
48327,TX,"Menard, TX",4.8
48329,TX,"Midland, TX",5.5
48331,TX,"Milam, TX",5.8
48333,TX,"Mills, TX",4.5
48335,TX,"Mitchell, TX",7
48337,TX,"Montague, TX",5.2
48339,TX,"Montgomery, TX",5.8
48341,TX,"Moore, TX",3.4
48343,TX,"Morris, TX",10.2
48345,TX,"Motley, TX",5.1
48347,TX,"Nacogdoches, TX",5.5
48349,TX,"Navarro, TX",5.1
48351,TX,"Newton, TX",10.2
48353,TX,"Nolan, TX",4.7
48355,TX,"Nueces, TX",6.8
48357,TX,"Ochiltree, TX",4.6
48359,TX,"Oldham, TX",3.6
48361,TX,"Orange, TX",8.8
48363,TX,"Palo Pinto, TX",5.7
48365,TX,"Panola, TX",6.6
48367,TX,"Parker, TX",4.5
48369,TX,"Parmer, TX",2.9
48371,TX,"Pecos, TX",6.9
48373,TX,"Polk, TX",7.9
48375,TX,"Potter, TX",4.3
48377,TX,"Presidio, TX",10.2
48379,TX,"Rains, TX",3.9
48381,TX,"Randall, TX",3.6
48383,TX,"Reagan, TX",7.3
48385,TX,"Real, TX",6
48387,TX,"Red River, TX",5.9
48389,TX,"Reeves, TX",5.8
48391,TX,"Refugio, TX",6.6
48393,TX,"Roberts, TX",4.2
48395,TX,"Robertson, TX",5.2
48397,TX,"Rockwall, TX",4.4
48399,TX,"Runnels, TX",4.1
48401,TX,"Rusk, TX",6
48403,TX,"Sabine, TX",9.4
48405,TX,"San Augustine, TX",8.1
48407,TX,"San Jacinto, TX",7.3
48409,TX,"San Patricio, TX",8.7
48411,TX,"San Saba, TX",4.7
48413,TX,"Schleicher, TX",5.5
48415,TX,"Scurry, TX",6.6
48417,TX,"Shackelford, TX",4
48419,TX,"Shelby, TX",5.4
48421,TX,"Sherman, TX",3.1
48423,TX,"Smith, TX",5.2
48425,TX,"Somervell, TX",5.2
48427,TX,"Starr, TX",15.6
48429,TX,"Stephens, TX",4.9
48431,TX,"Sterling, TX",5.1
48433,TX,"Stonewall, TX",4.2
48435,TX,"Sutton, TX",8.1
48437,TX,"Swisher, TX",5
48439,TX,"Tarrant, TX",5.3
48441,TX,"Taylor, TX",4.4
48443,TX,"Terrell, TX",3.6
48445,TX,"Terry, TX",6
48447,TX,"Throckmorton, TX",2.9
48449,TX,"Titus, TX",5.4
48451,TX,"Tom Green, TX",4.9
48453,TX,"Travis, TX",4.1
48455,TX,"Trinity, TX",7.3
48457,TX,"Tyler, TX",8.5
48459,TX,"Upshur, TX",6.2
48461,TX,"Upton, TX",5.2
48463,TX,"Uvalde, TX",5.5
48465,TX,"Val Verde, TX",5.9
48467,TX,"Van Zandt, TX",4.8
48469,TX,"Victoria, TX",6.3
48471,TX,"Walker, TX",6.3
48473,TX,"Waller, TX",6.3
48475,TX,"Ward, TX",6.9
48477,TX,"Washington, TX",5.3
48479,TX,"Webb, TX",6.3
48481,TX,"Wharton, TX",5.7
48483,TX,"Wheeler, TX",6.2
48485,TX,"Wichita, TX",5.3
48487,TX,"Wilbarger, TX",6.6
48489,TX,"Willacy, TX",10.1
48491,TX,"Williamson, TX",4
48493,TX,"Wilson, TX",4.4
48495,TX,"Winkler, TX",7.5
48497,TX,"Wise, TX",4.9
48499,TX,"Wood, TX",5.7
48501,TX,"Yoakum, TX",7.6
48503,TX,"Young, TX",4.6
48505,TX,"Zapata, TX",11.7
48507,TX,"Zavala, TX",12.4
49000,UT,Utah,2.7
49001,UT,"Beaver, UT",2.9
49003,UT,"Box Elder, UT",2.5
49005,UT,"Cache, UT",2
49007,UT,"Carbon, UT",3.9
49009,UT,"Daggett, UT",3.6
49011,UT,"Davis, UT",2.5
49013,UT,"Duchesne, UT",4.8
49015,UT,"Emery, UT",3.9
49017,UT,"Garfield, UT",6.4
49019,UT,"Grand, UT",4.4
49021,UT,"Iron, UT",2.9
49023,UT,"Juab, UT",2
49025,UT,"Kane, UT",2.9
49027,UT,"Millard, UT",2.4
49029,UT,"Morgan, UT",2.2
49031,UT,"Piute, UT",4.3
49033,UT,"Rich, UT",2.3
49035,UT,"Salt Lake, UT",2.8
49037,UT,"San Juan, UT",6.2
49039,UT,"Sanpete, UT",2.9
49041,UT,"Sevier, UT",3.3
49043,UT,"Summit, UT",2.9
49045,UT,"Tooele, UT",2.9
49047,UT,"Uintah, UT",5.5
49049,UT,"Utah, UT",2.4
49051,UT,"Wasatch, UT",2.9
49053,UT,"Washington, UT",3
49055,UT,"Wayne, UT",4.8
49057,UT,"Weber, UT",2.9
50000,VT,Vermont,3.7
50001,VT,"Addison, VT",3
50003,VT,"Bennington, VT",4.7
50005,VT,"Caledonia, VT",4
50007,VT,"Chittenden, VT",3.1
50009,VT,"Essex, VT",5.2
50011,VT,"Franklin, VT",3.7
50013,VT,"Grand Isle, VT",4.2
50015,VT,"Lamoille, VT",4.3
50017,VT,"Orange, VT",3.5
50019,VT,"Orleans, VT",5
50021,VT,"Rutland, VT",4.5
50023,VT,"Washington, VT",3.3
50025,VT,"Windham, VT",4.8
50027,VT,"Windsor, VT",3.6
51000,VA,Virginia,3.9
51001,VA,"Accomack, VA",4.3
51003,VA,"Albemarle, VA",3.3
51005,VA,"Alleghany, VA",4.1
51007,VA,"Amelia, VA",3.6
51009,VA,"Amherst, VA",3.7
51011,VA,"Appomattox, VA",3.9
51013,VA,"Arlington, VA",3
51015,VA,"Augusta, VA",3.1
51017,VA,"Bath, VA",4.4
51019,VA,"Bedford, VA",3.4
51021,VA,"Bland, VA",3.5
51023,VA,"Botetourt, VA",3
51025,VA,"Brunswick, VA",6.2
51027,VA,"Buchanan, VA",6.6
51029,VA,"Buckingham, VA",5.2
51031,VA,"Campbell, VA",3.8
51033,VA,"Caroline, VA",4.3
51035,VA,"Carroll, VA",4.1
51036,VA,"Charles City, VA",4.3
51037,VA,"Charlotte, VA",3.7
51041,VA,"Chesterfield, VA",3.6
51043,VA,"Clarke, VA",3.1
51045,VA,"Craig, VA",3.3
51047,VA,"Culpeper, VA",3.3
51049,VA,"Cumberland, VA",4.3
51051,VA,"Dickenson, VA",5.3
51053,VA,"Dinwiddie, VA",4.5
51057,VA,"Essex, VA",4.7
51059,VA,"Fairfax, VA",3.5
51061,VA,"Fauquier, VA",3
51063,VA,"Floyd, VA",3.1
51065,VA,"Fluvanna, VA",3.3
51067,VA,"Franklin, VA",3.6
51069,VA,"Frederick, VA",2.9
51071,VA,"Giles, VA",3.5
51073,VA,"Gloucester, VA",3.4
51075,VA,"Goochland, VA",3.1
51077,VA,"Grayson, VA",3.4
51079,VA,"Greene, VA",3
51081,VA,"Greensville, VA",4.9
51083,VA,"Halifax, VA",4.8
51085,VA,"Hanover, VA",3
51087,VA,"Henrico, VA",4
51089,VA,"Henry, VA",4.7
51091,VA,"Highland, VA",2.9
51093,VA,"Isle of Wight, VA",3.5
51095,VA,"James City, VA",4
51097,VA,"King and Queen, VA",3.2
51099,VA,"King George, VA",2.9
51101,VA,"King William, VA",3.3
51103,VA,"Lancaster, VA",5.3
51105,VA,"Lee, VA",4.1
51107,VA,"Loudoun, VA",3.1
51109,VA,"Louisa, VA",3.4
51111,VA,"Lunenburg, VA",3.8
51113,VA,"Madison, VA",2.5
51115,VA,"Mathews, VA",3.2
51117,VA,"Mecklenburg, VA",4.7
51119,VA,"Middlesex, VA",3.4
51121,VA,"Montgomery, VA",3
51125,VA,"Nelson, VA",3.5
51127,VA,"New Kent, VA",3
51131,VA,"Northampton, VA",5.2
51133,VA,"Northumberland, VA",4.8
51135,VA,"Nottoway, VA",3.7
51137,VA,"Orange, VA",3.6
51139,VA,"Page, VA",4.6
51141,VA,"Patrick, VA",4.5
51143,VA,"Pittsylvania, VA",4
51145,VA,"Powhatan, VA",2.9
51147,VA,"Prince Edward, VA",4.9
51149,VA,"Prince George, VA",4.5
51153,VA,"Prince William, VA",3.9
51155,VA,"Pulaski, VA",4
51157,VA,"Rappahannock, VA",2.9
51159,VA,"Richmond, VA",3.5
51161,VA,"Roanoke, VA",3.2
51163,VA,"Rockbridge, VA",3.7
51165,VA,"Rockingham, VA",3
51167,VA,"Russell, VA",4.4
51169,VA,"Scott, VA",3.6
51171,VA,"Shenandoah, VA",3.6
51173,VA,"Smyth, VA",4.2
51175,VA,"Southampton, VA",3.5
51177,VA,"Spotsylvania, VA",3.8
51179,VA,"Stafford, VA",3.7
51181,VA,"Surry, VA",3.8
51183,VA,"Sussex, VA",6.4
51185,VA,"Tazewell, VA",5.3
51187,VA,"Warren, VA",3.6
51191,VA,"Washington, VA",3.6
51193,VA,"Westmoreland, VA",4.4
51195,VA,"Wise, VA",5.2
51197,VA,"Wythe, VA",4.1
51199,VA,"York, VA",3.3
51510,VA,"Alexandria city, VA",3.8
51520,VA,"Bristol city, VA",4.7
51530,VA,"Buena Vista city, VA",3.9
51540,VA,"Charlottesville city, VA",3.7
51550,VA,"Chesapeake city, VA",3.8
51570,VA,"Colonial Heights city, VA",4.7
51580,VA,"Covington city, VA",5.8
51590,VA,"Danville city, VA",6.4
51595,VA,"Emporia city, VA",7.7
51600,VA,"Fairfax city, VA",3.4
51610,VA,"Falls Church city, VA",2.7
51620,VA,"Franklin city, VA",6.7
51630,VA,"Fredericksburg city, VA",4.7
51640,VA,"Galax city, VA",4.2
51650,VA,"Hampton city, VA",5.5
51660,VA,"Harrisonburg city, VA",4.1
51670,VA,"Hopewell city, VA",7.2
51678,VA,"Lexington city, VA",5
51680,VA,"Lynchburg city, VA",5.1
51683,VA,"Manassas city, VA",3.9
51685,VA,"Manassas Park city, VA",3.8
51690,VA,"Martinsville city, VA",7.3
51700,VA,"Newport News city, VA",5.5
51710,VA,"Norfolk city, VA",5.6
51720,VA,"Norton city, VA",5
51730,VA,"Petersburg city, VA",10.2
51735,VA,"Poquoson city, VA",2.8
51740,VA,"Portsmouth city, VA",6.5
51750,VA,"Radford city, VA",4.1
51760,VA,"Richmond city, VA",5.3
51770,VA,"Roanoke city, VA",4.8
51775,VA,"Salem city, VA",3.6
51790,VA,"Staunton city, VA",3.8
51800,VA,"Suffolk city, VA",4.4
51810,VA,"Virginia Beach city, VA",3.7
51820,VA,"Waynesboro city, VA",4.1
51830,VA,"Williamsburg city, VA",4.8
51840,VA,"Winchester city, VA",3.5
53000,WA,Washington,5.2
53001,WA,"Adams, WA",5.5
53003,WA,"Asotin, WA",3.8
53005,WA,"Benton, WA",5.7
53007,WA,"Chelan, WA",5.4
53009,WA,"Clallam, WA",6.6
53011,WA,"Clark, WA",5.5
53013,WA,"Columbia, WA",5.5
53015,WA,"Cowlitz, WA",6.4
53017,WA,"Douglas, WA",5.7
53019,WA,"Ferry, WA",9
53021,WA,"Franklin, WA",6.7
53023,WA,"Garfield, WA",6.1
53025,WA,"Grant, WA",6.7
53027,WA,"Grays Harbor, WA",7.8
53029,WA,"Island, WA",5.7
53031,WA,"Jefferson, WA",6.3
53033,WA,"King, WA",4.1
53035,WA,"Kitsap, WA",5.2
53037,WA,"Kittitas, WA",6.4
53039,WA,"Klickitat, WA",6.2
53041,WA,"Lewis, WA",6.4
53043,WA,"Lincoln, WA",5.1
53045,WA,"Mason, WA",7
53047,WA,"Okanogan, WA",6.7
53049,WA,"Pacific, WA",7.9
53051,WA,"Pend Oreille, WA",7.7
53053,WA,"Pierce, WA",6.1
53055,WA,"San Juan, WA",5
53057,WA,"Skagit, WA",6.4
53059,WA,"Skamania, WA",6.4
53061,WA,"Snohomish, WA",4.8
53063,WA,"Spokane, WA",5.5
53065,WA,"Stevens, WA",6.8
53067,WA,"Thurston, WA",5.3
53069,WA,"Wahkiakum, WA",6.8
53071,WA,"Walla Walla, WA",4.9
53073,WA,"Whatcom, WA",6.1
53075,WA,"Whitman, WA",4.4
53077,WA,"Yakima, WA",7
54000,WV,West Virginia,5.1
54001,WV,"Barbour, WV",5.3
54003,WV,"Berkeley, WV",3.6
54005,WV,"Boone, WV",6.2
54007,WV,"Braxton, WV",6.8
54009,WV,"Brooke, WV",6.1
54011,WV,"Cabell, WV",4.7
54013,WV,"Calhoun, WV",10.4
54015,WV,"Clay, WV",7.8
54017,WV,"Doddridge, WV",4.1
54019,WV,"Fayette, WV",6.3
54021,WV,"Gilmer, WV",6.9
54023,WV,"Grant, WV",4.5
54025,WV,"Greenbrier, WV",4.5
54027,WV,"Hampshire, WV",3.5
54029,WV,"Hancock, WV",6.3
54031,WV,"Hardy, WV",5
54033,WV,"Harrison, WV",4.7
54035,WV,"Jackson, WV",5.8
54037,WV,"Jefferson, WV",3.1
54039,WV,"Kanawha, WV",5.3
54041,WV,"Lewis, WV",7
54043,WV,"Lincoln, WV",6.6
54045,WV,"Logan, WV",6.6
54047,WV,"McDowell, WV",8.4
54049,WV,"Marion, WV",5.3
54051,WV,"Marshall, WV",6.3
54053,WV,"Mason, WV",5.5
54055,WV,"Mercer, WV",6.1
54057,WV,"Mineral, WV",4.7
54059,WV,"Mingo, WV",8.9
54061,WV,"Monongalia, WV",4.1
54063,WV,"Monroe, WV",3.8
54065,WV,"Morgan, WV",3.6
54067,WV,"Nicholas, WV",6
54069,WV,"Ohio, WV",5.2
54071,WV,"Pendleton, WV",3.1
54073,WV,"Pleasants, WV",7.1
54075,WV,"Pocahontas, WV",5.1
54077,WV,"Preston, WV",4.6
54079,WV,"Putnam, WV",4.3
54081,WV,"Raleigh, WV",5.3
54083,WV,"Randolph, WV",5.7
54085,WV,"Ritchie, WV",5.6
54087,WV,"Roane, WV",8.5
54089,WV,"Summers, WV",4.8
54091,WV,"Taylor, WV",4.7
54093,WV,"Tucker, WV",5.4
54095,WV,"Tyler, WV",8
54097,WV,"Upshur, WV",6.2
54099,WV,"Wayne, WV",5.2
54101,WV,"Webster, WV",6.2
54103,WV,"Wetzel, WV",6.8
54105,WV,"Wirt, WV",7.6
54107,WV,"Wood, WV",5.4
54109,WV,"Wyoming, WV",5.9
55000,WI,Wisconsin,3.8
55001,WI,"Adams, WI",6.2
55003,WI,"Ashland, WI",5.1
55005,WI,"Barron, WI",3.9
55007,WI,"Bayfield, WI",5.8
55009,WI,"Brown, WI",3.5
55011,WI,"Buffalo, WI",4.3
55013,WI,"Burnett, WI",5.4
55015,WI,"Calumet, WI",2.9
55017,WI,"Chippewa, WI",4
55019,WI,"Clark, WI",3.3
55021,WI,"Columbia, WI",3.4
55023,WI,"Crawford, WI",4.5
55025,WI,"Dane, WI",2.9
55027,WI,"Dodge, WI",3.2
55029,WI,"Door, WI",4.4
55031,WI,"Douglas, WI",4.5
55033,WI,"Dunn, WI",3.6
55035,WI,"Eau Claire, WI",3.3
55037,WI,"Florence, WI",4.8
55039,WI,"Fond du Lac, WI",3.3
55041,WI,"Forest, WI",6.7
55043,WI,"Grant, WI",3.1
55045,WI,"Green, WI",3.1
55047,WI,"Green Lake, WI",4.4
55049,WI,"Iowa, WI",3.4
55051,WI,"Iron, WI",6.4
55053,WI,"Jackson, WI",5.2
55055,WI,"Jefferson, WI",3.4
55057,WI,"Juneau, WI",4.3
55059,WI,"Kenosha, WI",4.4
55061,WI,"Kewaunee, WI",2.9
55063,WI,"La Crosse, WI",3.1
55065,WI,"Lafayette, WI",2.7
55067,WI,"Langlade, WI",4.6
55069,WI,"Lincoln, WI",3.7
55071,WI,"Manitowoc, WI",3.5
55073,WI,"Marathon, WI",3
55075,WI,"Marinette, WI",4.4
55077,WI,"Marquette, WI",4.5
55078,WI,"Menominee, WI",8.5
55079,WI,"Milwaukee, WI",5.4
55081,WI,"Monroe, WI",3.3
55083,WI,"Oconto, WI",3.8
55085,WI,"Oneida, WI",4.4
55087,WI,"Outagamie, WI",3.2
55089,WI,"Ozaukee, WI",3.1
55091,WI,"Pepin, WI",3.4
55093,WI,"Pierce, WI",3.6
55095,WI,"Polk, WI",4.3
55097,WI,"Portage, WI",3.6
55099,WI,"Price, WI",4.3
55101,WI,"Racine, WI",4.7
55103,WI,"Richland, WI",3.6
55105,WI,"Rock, WI",4.5
55107,WI,"Rusk, WI",4.4
55109,WI,"St. Croix, WI",3.5
55111,WI,"Sauk, WI",4.1
55113,WI,"Sawyer, WI",5.1
55115,WI,"Shawano, WI",3.8
55117,WI,"Sheboygan, WI",3.2
55119,WI,"Taylor, WI",3.4
55121,WI,"Trempealeau, WI",3.8
55123,WI,"Vernon, WI",3.3
55125,WI,"Vilas, WI",4.8
55127,WI,"Walworth, WI",3.7
55129,WI,"Washburn, WI",4.6
55131,WI,"Washington, WI",3.1
55133,WI,"Waukesha, WI",3.2
55135,WI,"Waupaca, WI",3.6
55137,WI,"Waushara, WI",4.3
55139,WI,"Winnebago, WI",3.3
55141,WI,"Wood, WI",4.5
56000,WY,Wyoming,4.6
56001,WY,"Albany, WY",3.4
56003,WY,"Big Horn, WY",4.6
56005,WY,"Campbell, WY",5.4
56007,WY,"Carbon, WY",4.1
56009,WY,"Converse, WY",5
56011,WY,"Crook, WY",3.5
56013,WY,"Fremont, WY",4.9
56015,WY,"Goshen, WY",3.6
56017,WY,"Hot Springs, WY",4
56019,WY,"Johnson, WY",4.3
56021,WY,"Laramie, WY",4.2
56023,WY,"Lincoln, WY",4
56025,WY,"Natrona, WY",6.2
56027,WY,"Niobrara, WY",3.7
56029,WY,"Park, WY",4.3
56031,WY,"Platte, WY",4.2
56033,WY,"Sheridan, WY",4.4
56035,WY,"Sublette, WY",5.8
56037,WY,"Sweetwater, WY",5.7
56039,WY,"Teton, WY",3.3
56041,WY,"Uinta, WY",5.2
56043,WY,"Washakie, WY",4.1
56045,WY,"Weston, WY",3.3
72000,PR,Puerto Rico,7.9
72001,PR,"Adjuntas Municipio, PR",11.4
72003,PR,"Aguada Municipio, PR",8.8
72005,PR,"Aguadilla Municipio, PR",9.1
72007,PR,"Aguas Buenas Municipio, PR",9.3
72009,PR,"Aibonito Municipio, PR",8.4
72011,PR,"Anasco Municipio, PR",7.8
72013,PR,"Arecibo Municipio, PR",8.5
72015,PR,"Arroyo Municipio, PR",9.2
72017,PR,"Barceloneta Municipio, PR",10.1
72019,PR,"Barranquitas Municipio, PR",8.3
72021,PR,"Bayamon Municipio, PR",7.4
72023,PR,"Cabo Rojo Municipio, PR",8.5
72025,PR,"Caguas Municipio, PR",6.9
72027,PR,"Camuy Municipio, PR",7.5
72029,PR,"Canovanas Municipio, PR",7.1
72031,PR,"Carolina Municipio, PR",7.2
72033,PR,"Catano Municipio, PR",8.1
72035,PR,"Cayey Municipio, PR",6.1
72037,PR,"Ceiba Municipio, PR",8.9
72039,PR,"Ciales Municipio, PR",11.6
72041,PR,"Cidra Municipio, PR",5.8
72043,PR,"Coamo Municipio, PR",8.9
72045,PR,"Comerio Municipio, PR",9
72047,PR,"Corozal Municipio, PR",10.1
72049,PR,"Culebra Municipio, PR",6.1
72051,PR,"Dorado Municipio, PR",6
72053,PR,"Fajardo Municipio, PR",9.2
72054,PR,"Florida Municipio, PR",10.1
72055,PR,"Guanica Municipio, PR",13.5
72057,PR,"Guayama Municipio, PR",7.8
72059,PR,"Guayanilla Municipio, PR",10.9
72061,PR,"Guaynabo Municipio, PR",4.7
72063,PR,"Gurabo Municipio, PR",5.4
72065,PR,"Hatillo Municipio, PR",8.4
72067,PR,"Hormigueros Municipio, PR",8.7
72069,PR,"Humacao Municipio, PR",7.9
72071,PR,"Isabela Municipio, PR",8.1
72073,PR,"Jayuya Municipio, PR",12.3
72075,PR,"Juana Diaz Municipio, PR",7.5
72077,PR,"Juncos Municipio, PR",8.3
72079,PR,"Lajas Municipio, PR",12.4
72081,PR,"Lares Municipio, PR",13.5
72083,PR,"Las Marias Municipio, PR",12.7
72085,PR,"Las Piedras Municipio, PR",7.6
72087,PR,"Loiza Municipio, PR",8.7
72089,PR,"Luquillo Municipio, PR",8.7
72091,PR,"Manati Municipio, PR",7.5
72093,PR,"Maricao Municipio, PR",11.9
72095,PR,"Maunabo Municipio, PR",11.6
72097,PR,"Mayaguez Municipio, PR",8.7
72099,PR,"Moca Municipio, PR",9.5
72101,PR,"Morovis Municipio, PR",9.1
72103,PR,"Naguabo Municipio, PR",7.4
72105,PR,"Naranjito Municipio, PR",10.4
72107,PR,"Orocovis Municipio, PR",9.9
72109,PR,"Patillas Municipio, PR",11.2
72111,PR,"Penuelas Municipio, PR",10.8
72113,PR,"Ponce Municipio, PR",8.8
72115,PR,"Quebradillas Municipio, PR",9.3
72117,PR,"Rincon Municipio, PR",8.7
72119,PR,"Rio Grande Municipio, PR",8.1
72121,PR,"Sabana Grande Municipio, PR",10.1
72123,PR,"Salinas Municipio, PR",10.4
72125,PR,"San German Municipio, PR",9.5
72127,PR,"San Juan Municipio, PR",6.5
72129,PR,"San Lorenzo Municipio, PR",7.8
72131,PR,"San Sebastian Municipio, PR",12.2
72133,PR,"Santa Isabel Municipio, PR",9.2
72135,PR,"Toa Alta Municipio, PR",6.4
72137,PR,"Toa Baja Municipio, PR",6.8
72139,PR,"Trujillo Alto Municipio, PR",5.7
72141,PR,"Utuado Municipio, PR",9.2
72143,PR,"Vega Alta Municipio, PR",9.1
72145,PR,"Vega Baja Municipio, PR",10
72147,PR,"Vieques Municipio, PR",11.9
72149,PR,"Villalba Municipio, PR",11.7
72151,PR,"Yabucoa Municipio, PR",10.3
72153,PR,"Yauco Municipio, PR",11.7
